Ref,Val,Package,PosX,PosY,Rot,Side
"C1","10uF","C_0402_1005Metric",55.753000,-181.610000,-90.000000,top
"C2","10uF","C_0402_1005Metric",9.906000,-187.734000,90.000000,top
"C3","22uF","C_0603_1608Metric",15.240000,-181.356000,180.000000,top
"C5","0.1uF","C_0402_1005Metric",9.017000,-175.260000,0.000000,top
"C9","0.1uF","C_0402_1005Metric",32.893000,-172.974000,-90.000000,top
"C11","1uF","C_0402_1005Metric",103.378000,-108.839000,0.000000,top
"C12","0.1uF","C_0402_1005Metric",103.378000,-107.823000,0.000000,top
"C13","1uF","C_0402_1005Metric",95.377000,-106.680000,-90.000000,top
"C14","0.1uF","C_0402_1005Metric",96.520000,-106.680000,-90.000000,top
"C15","1uF","C_0402_1005Metric",245.618000,-152.019000,0.000000,top
"C16","0.1uF","C_0402_1005Metric",245.618000,-151.003000,0.000000,top
"C17","1uF","C_0402_1005Metric",237.617000,-150.495000,-90.000000,top
"C18","0.1uF","C_0402_1005Metric",238.760000,-150.495000,-90.000000,top
"C19","1uF","C_0402_1005Metric",334.772000,-24.511000,180.000000,top
"C20","0.1uF","C_0402_1005Metric",334.772000,-25.527000,180.000000,top
"C21","1uF","C_0402_1005Metric",342.773000,-26.670000,90.000000,top
"C22","0.1uF","C_0402_1005Metric",341.630000,-26.670000,90.000000,top
"C24","0.1uF","C_0402_1005Metric",57.100000,-179.600000,180.000000,top
"C25","1uF","C_0402_1005Metric",194.040000,-10.730000,180.000000,top
"C26","1uF","C_0402_1005Metric",194.020000,-11.800000,180.000000,top
"C27","0.1uF","C_0402_1005Metric",202.400000,-15.200000,90.000000,top
"C28","0.1uF","C_0402_1005Metric",201.400000,-15.200000,90.000000,top
"C29","1uF","C_0402_1005Metric",34.036000,-172.974000,90.000000,top
"C31","0.1uF","C_0402_1005Metric",57.023000,-181.610000,-90.000000,top
"D1","RBR3MM40ATR","DIO_RB051MM_ROM",4.318000,-185.420000,0.000000,top
"D2","LED","LED_0805_2012Metric",6.096000,-168.910000,0.000000,top
"D3","LED","LED_0805_2012Metric",6.096000,-166.370000,0.000000,top
"D4","RBR3MM40ATR","DIO_RB051MM_ROM",58.000000,-160.200000,180.000000,top
"F1","3A","Fuse_1206_3216Metric",9.271000,-182.499000,-90.000000,top
"F2","3A","Fuse_1206_3216Metric",58.000000,-163.500000,180.000000,top
"J2","USB C","USB_C_Receptacle_HRO_TYPE-C-31-M-12",2.540000,-177.800000,-90.000000,top
"LED1","LED_ARGB","LED_RGB_0606",5.029200,-27.025600,0.000000,top
"LED2","LED_ARGB","LED_RGB_0606",8.178800,-29.413200,0.000000,top
"LED3","LED_ARGB","LED_RGB_0606",12.192000,-30.530800,0.000000,top
"LED4","LED_ARGB","LED_RGB_0606",15.900400,-31.699200,0.000000,top
"LED5","LED_ARGB","LED_RGB_0606",19.862800,-31.750000,0.000000,top
"LED6","LED_ARGB","LED_RGB_0606",23.774400,-31.038800,0.000000,top
"LED7","LED_ARGB","LED_RGB_0606",27.787600,-30.429200,0.000000,top
"LED8","LED_ARGB","LED_RGB_0606",31.750000,-30.022800,0.000000,top
"LED9","LED_ARGB","LED_RGB_0606",35.712400,-29.819600,0.000000,top
"LED10","LED_ARGB","LED_RGB_0606",39.725600,-29.972000,0.000000,top
"LED11","LED_ARGB","LED_RGB_0606",43.129200,-31.496000,0.000000,top
"LED12","LED_ARGB","LED_RGB_0606",46.583600,-32.918400,0.000000,top
"LED13","LED_ARGB","LED_RGB_0606",50.038000,-35.052000,0.000000,top
"LED14","LED_ARGB","LED_RGB_0606",53.187600,-34.696400,0.000000,top
"LED15","LED_ARGB","LED_RGB_0606",57.150000,-34.086800,0.000000,top
"LED16","LED_ARGB","LED_RGB_0606",60.909200,-34.391600,0.000000,top
"LED17","LED_ARGB","LED_RGB_0606",64.820800,-34.086800,0.000000,top
"LED18","LED_ARGB","LED_RGB_0606",68.783200,-34.290000,0.000000,top
"LED19","LED_ARGB","LED_RGB_0606",72.491600,-35.153600,0.000000,top
"LED20","LED_ARGB","LED_RGB_0606",76.200000,-36.017200,0.000000,top
"LED21","LED_ARGB","LED_RGB_0606",79.654400,-37.541200,0.000000,top
"LED22","LED_ARGB","LED_RGB_0606",83.362800,-38.963600,0.000000,top
"LED23","LED_ARGB","LED_RGB_0606",86.512400,-41.198800,0.000000,top
"LED24","LED_ARGB","LED_RGB_0606",89.408000,-43.535600,0.000000,top
"LED25","LED_ARGB","LED_RGB_0606",93.167200,-44.704000,0.000000,top
"LED26","LED_ARGB","LED_RGB_0606",95.808800,-47.548800,0.000000,top
"LED27","LED_ARGB","LED_RGB_0606",98.704400,-49.580800,0.000000,top
"LED28","LED_ARGB","LED_RGB_0606",101.600000,-52.070000,0.000000,top
"LED29","LED_ARGB","LED_RGB_0606",104.495600,-55.016400,0.000000,top
"LED30","LED_ARGB","LED_RGB_0606",108.254800,-55.524400,0.000000,top
"LED31","LED_ARGB","LED_RGB_0606",111.150400,-58.064400,0.000000,top
"LED32","LED_ARGB","LED_RGB_0606",113.741200,-61.163200,0.000000,top
"LED33","LED_ARGB","LED_RGB_0606",117.195600,-62.992000,0.000000,top
"LED34","LED_ARGB","LED_RGB_0606",120.954800,-63.957200,0.000000,top
"LED35","LED_ARGB","LED_RGB_0606",124.358400,-65.735200,0.000000,top
"LED36","LED_ARGB","LED_RGB_0606",127.812800,-67.564000,0.000000,top
"LED37","LED_ARGB","LED_RGB_0606",131.400000,-66.903600,0.000000,top
"LED38","LED_ARGB","LED_RGB_0606",134.670800,-68.884800,0.000000,top
"LED39","LED_ARGB","LED_RGB_0606",138.125200,-70.866000,0.000000,top
"LED40","LED_ARGB","LED_RGB_0606",141.274800,-73.253600,0.000000,top
"LED41","LED_ARGB","LED_RGB_0606",144.729200,-74.879200,0.000000,top
"LED42","LED_ARGB","LED_RGB_0606",148.742400,-75.184000,0.000000,top
"LED43","LED_ARGB","LED_RGB_0606",152.704800,-75.285600,0.000000,top
"LED44","LED_ARGB","LED_RGB_0606",156.616400,-75.590400,0.000000,top
"LED45","LED_ARGB","LED_RGB_0606",160.629600,-75.996800,0.000000,top
"LED46","LED_ARGB","LED_RGB_0606",139.000000,-64.100000,0.000000,top
"LED47","LED_ARGB","LED_RGB_0606",146.862800,-63.804800,0.000000,top
"LED48","LED_ARGB","LED_RGB_0606",149.961600,-66.344800,0.000000,top
"LED49","LED_ARGB","LED_RGB_0606",153.162000,-67.411600,0.000000,top
"LED50","LED_ARGB","LED_RGB_0606",156.921200,-66.598800,0.000000,top
"LED51","LED_ARGB","LED_RGB_0606",160.883600,-66.649600,0.000000,top
"LED52","LED_ARGB","LED_RGB_0606",164.846000,-66.598800,0.000000,top
"LED53","LED_ARGB","LED_RGB_0606",168.808400,-66.598800,0.000000,top
"LED54","LED_ARGB","LED_RGB_0606",172.770800,-66.548000,0.000000,top
"LED55","LED_ARGB","LED_RGB_0606",146.456400,-77.927200,0.000000,top
"LED56","LED_ARGB","LED_RGB_0606",146.507200,-81.737200,0.000000,top
"LED57","LED_ARGB","LED_RGB_0606",146.507200,-85.699600,0.000000,top
"LED58","LED_ARGB","LED_RGB_0606",148.742400,-88.646000,0.000000,top
"LED59","LED_ARGB","LED_RGB_0606",151.942800,-91.033600,0.000000,top
"LED60","LED_ARGB","LED_RGB_0606",154.279600,-94.183200,0.000000,top
"LED61","LED_ARGB","LED_RGB_0606",156.514800,-97.485200,0.000000,top
"LED62","LED_ARGB","LED_RGB_0606",157.835600,-100.939600,0.000000,top
"LED63","LED_ARGB","LED_RGB_0606",160.883600,-103.276400,0.000000,top
"LED64","LED_ARGB","LED_RGB_0606",176.733200,-65.836800,0.000000,top
"LED65","LED_ARGB","LED_RGB_0606",180.746400,-65.074800,0.000000,top
"LED66","LED_ARGB","LED_RGB_0606",184.404000,-63.601600,0.000000,top
"LED67","LED_ARGB","LED_RGB_0606",188.417200,-63.550800,0.000000,top
"LED68","LED_ARGB","LED_RGB_0606",192.176400,-63.449200,0.000000,top
"LED69","LED_ARGB","LED_RGB_0606",194.513200,-60.807600,0.000000,top
"LED70","LED_ARGB","LED_RGB_0606",198.170800,-60.553600,0.000000,top
"LED71","LED_ARGB","LED_RGB_0606",202.184000,-60.960000,0.000000,top
"LED72","LED_ARGB","LED_RGB_0606",205.900000,-62.400000,0.000000,top
"LED73","LED_ARGB","LED_RGB_0606",164.592000,-76.454000,0.000000,top
"LED74","LED_ARGB","LED_RGB_0606",168.554400,-76.708000,0.000000,top
"LED75","LED_ARGB","LED_RGB_0606",172.262800,-78.333600,0.000000,top
"LED76","LED_ARGB","LED_RGB_0606",175.666400,-79.603600,0.000000,top
"LED77","LED_ARGB","LED_RGB_0606",179.476400,-80.873600,0.000000,top
"LED78","LED_ARGB","LED_RGB_0606",182.829200,-82.753200,0.000000,top
"LED79","LED_ARGB","LED_RGB_0606",186.842400,-83.007200,0.000000,top
"LED80","LED_ARGB","LED_RGB_0606",190.550800,-83.921600,0.000000,top
"LED81","LED_ARGB","LED_RGB_0606",194.513200,-84.632800,0.000000,top
"LED82","LED_ARGB","LED_RGB_0606",164.592000,-103.886000,0.000000,top
"LED83","LED_ARGB","LED_RGB_0606",167.843200,-106.172000,0.000000,top
"LED84","LED_ARGB","LED_RGB_0606",171.196000,-107.391200,0.000000,top
"LED85","LED_ARGB","LED_RGB_0606",174.955200,-108.661200,0.000000,top
"LED86","LED_ARGB","LED_RGB_0606",178.409600,-110.642400,0.000000,top
"LED87","LED_ARGB","LED_RGB_0606",182.321200,-111.556800,0.000000,top
"LED88","LED_ARGB","LED_RGB_0606",186.080400,-111.963200,0.000000,top
"LED89","LED_ARGB","LED_RGB_0606",189.992000,-112.623600,0.000000,top
"LED90","LED_ARGB","LED_RGB_0606",194.005200,-113.284000,0.000000,top
"LED91","LED_ARGB","LED_RGB_0606",209.854800,-62.738000,0.000000,top
"LED92","LED_ARGB","LED_RGB_0606",213.766400,-62.788800,0.000000,top
"LED93","LED_ARGB","LED_RGB_0606",217.779600,-62.839600,0.000000,top
"LED94","LED_ARGB","LED_RGB_0606",221.742000,-62.890400,0.000000,top
"LED95","LED_ARGB","LED_RGB_0606",225.704400,-63.042800,0.000000,top
"LED96","LED_ARGB","LED_RGB_0606",229.260400,-64.414400,0.000000,top
"LED97","LED_ARGB","LED_RGB_0606",232.562400,-65.938400,0.000000,top
"LED98","LED_ARGB","LED_RGB_0606",236.016800,-64.008000,0.000000,top
"LED99","LED_ARGB","LED_RGB_0606",239.725200,-64.363600,0.000000,top
"LED100","LED_ARGB","LED_RGB_0606",197.916800,-86.512400,0.000000,top
"LED101","LED_ARGB","LED_RGB_0606",201.117200,-88.849200,0.000000,top
"LED102","LED_ARGB","LED_RGB_0606",204.825600,-90.474800,0.000000,top
"LED103","LED_ARGB","LED_RGB_0606",208.737200,-90.728800,0.000000,top
"LED104","LED_ARGB","LED_RGB_0606",212.750400,-91.186000,0.000000,top
"LED105","LED_ARGB","LED_RGB_0606",216.509600,-92.100400,0.000000,top
"LED106","LED_ARGB","LED_RGB_0606",220.167200,-91.948000,0.000000,top
"LED107","LED_ARGB","LED_RGB_0606",223.316800,-89.814400,0.000000,top
"LED108","LED_ARGB","LED_RGB_0606",227.279200,-90.170000,0.000000,top
"LED109","LED_ARGB","LED_RGB_0606",197.662800,-114.808000,0.000000,top
"LED110","LED_ARGB","LED_RGB_0606",200.660000,-117.246400,0.000000,top
"LED111","LED_ARGB","LED_RGB_0606",204.317600,-116.535200,0.000000,top
"LED112","LED_ARGB","LED_RGB_0606",207.975200,-115.773200,0.000000,top
"LED113","LED_ARGB","LED_RGB_0606",211.937600,-115.214400,0.000000,top
"LED114","LED_ARGB","LED_RGB_0606",215.646000,-114.096800,0.000000,top
"LED115","LED_ARGB","LED_RGB_0606",219.659200,-113.893600,0.000000,top
"LED116","LED_ARGB","LED_RGB_0606",223.570800,-113.792000,0.000000,top
"LED117","LED_ARGB","LED_RGB_0606",227.400000,-112.900000,0.000000,top
"LED118","LED_ARGB","LED_RGB_0606",225.298000,-5.130800,0.000000,top
"LED119","LED_ARGB","LED_RGB_0606",227.838000,-7.924800,0.000000,top
"LED120","LED_ARGB","LED_RGB_0606",230.581200,-10.769600,0.000000,top
"LED121","LED_ARGB","LED_RGB_0606",232.359200,-14.274800,0.000000,top
"LED122","LED_ARGB","LED_RGB_0606",234.543600,-17.729200,0.000000,top
"LED123","LED_ARGB","LED_RGB_0606",236.423200,-21.285200,0.000000,top
"LED124","LED_ARGB","LED_RGB_0606",236.321600,-25.247600,0.000000,top
"LED125","LED_ARGB","LED_RGB_0606",237.134400,-28.752800,0.000000,top
"LED126","LED_ARGB","LED_RGB_0606",240.436400,-31.445200,0.000000,top
"LED127","LED_ARGB","LED_RGB_0606",242.316000,-34.747200,0.000000,top
"LED128","LED_ARGB","LED_RGB_0606",243.636800,-38.658800,0.000000,top
"LED129","LED_ARGB","LED_RGB_0606",244.703600,-42.367200,0.000000,top
"LED130","LED_ARGB","LED_RGB_0606",246.583200,-46.024800,0.000000,top
"LED131","LED_ARGB","LED_RGB_0606",248.767600,-48.717200,0.000000,top
"LED132","LED_ARGB","LED_RGB_0606",252.171200,-50.749200,0.000000,top
"LED133","LED_ARGB","LED_RGB_0606",255.219200,-53.136800,0.000000,top
"LED134","LED_ARGB","LED_RGB_0606",257.708400,-55.981600,0.000000,top
"LED135","LED_ARGB","LED_RGB_0606",260.248400,-59.385200,0.000000,top
"LED136","LED_ARGB","LED_RGB_0606",243.687600,-64.668400,0.000000,top
"LED137","LED_ARGB","LED_RGB_0606",247.700800,-64.617600,0.000000,top
"LED138","LED_ARGB","LED_RGB_0606",251.612400,-63.703200,0.000000,top
"LED139","LED_ARGB","LED_RGB_0606",255.625600,-63.754000,0.000000,top
"LED140","LED_ARGB","LED_RGB_0606",258.876800,-65.836800,0.000000,top
"LED141","LED_ARGB","LED_RGB_0606",262.636000,-66.192400,0.000000,top
"LED142","LED_ARGB","LED_RGB_0606",266.039600,-65.989200,0.000000,top
"LED143","LED_ARGB","LED_RGB_0606",269.697200,-63.449200,0.000000,top
"LED144","LED_ARGB","LED_RGB_0606",262.839200,-62.230000,0.000000,top
"LED145","LED_ARGB","LED_RGB_0606",230.987600,-88.950800,0.000000,top
"LED146","LED_ARGB","LED_RGB_0606",234.696000,-87.274400,0.000000,top
"LED147","LED_ARGB","LED_RGB_0606",238.404400,-85.902800,0.000000,top
"LED148","LED_ARGB","LED_RGB_0606",242.366800,-86.156800,0.000000,top
"LED149","LED_ARGB","LED_RGB_0606",246.075200,-85.344000,0.000000,top
"LED150","LED_ARGB","LED_RGB_0606",250.037600,-85.394800,0.000000,top
"LED151","LED_ARGB","LED_RGB_0606",254.000000,-85.750400,0.000000,top
"LED152","LED_ARGB","LED_RGB_0606",257.759200,-86.868000,0.000000,top
"LED153","LED_ARGB","LED_RGB_0606",261.416800,-88.087200,0.000000,top
"LED154","LED_ARGB","LED_RGB_0606",231.241600,-113.131600,0.000000,top
"LED155","LED_ARGB","LED_RGB_0606",235.204000,-113.233200,0.000000,top
"LED156","LED_ARGB","LED_RGB_0606",238.912400,-112.877600,0.000000,top
"LED157","LED_ARGB","LED_RGB_0606",242.925600,-112.725200,0.000000,top
"LED158","LED_ARGB","LED_RGB_0606",246.583200,-112.979200,0.000000,top
"LED159","LED_ARGB","LED_RGB_0606",250.342400,-113.792000,0.000000,top
"LED160","LED_ARGB","LED_RGB_0606",253.746000,-115.824000,0.000000,top
"LED161","LED_ARGB","LED_RGB_0606",256.641600,-118.516400,0.000000,top
"LED162","LED_ARGB","LED_RGB_0606",260.100000,-119.600000,0.000000,top
"LED163","LED_ARGB","LED_RGB_0606",261.162800,-54.406800,0.000000,top
"LED164","LED_ARGB","LED_RGB_0606",265.125200,-54.660800,0.000000,top
"LED165","LED_ARGB","LED_RGB_0606",268.071600,-57.404000,0.000000,top
"LED166","LED_ARGB","LED_RGB_0606",270.764000,-60.350400,0.000000,top
"LED167","LED_ARGB","LED_RGB_0606",273.354800,-63.296800,0.000000,top
"LED168","LED_ARGB","LED_RGB_0606",277.063200,-64.312800,0.000000,top
"LED169","LED_ARGB","LED_RGB_0606",280.974800,-64.922400,0.000000,top
"LED170","LED_ARGB","LED_RGB_0606",284.581600,-66.751200,0.000000,top
"LED171","LED_ARGB","LED_RGB_0606",286.613600,-70.053200,0.000000,top
"LED172","LED_ARGB","LED_RGB_0606",260.807200,-68.783200,0.000000,top
"LED173","LED_ARGB","LED_RGB_0606",260.705600,-72.745600,0.000000,top
"LED174","LED_ARGB","LED_RGB_0606",260.654800,-76.860400,0.000000,top
"LED175","LED_ARGB","LED_RGB_0606",260.553200,-80.772000,0.000000,top
"LED176","LED_ARGB","LED_RGB_0606",261.416800,-84.531200,0.000000,top
"LED177","LED_ARGB","LED_RGB_0606",260.908800,-92.354400,0.000000,top
"LED178","LED_ARGB","LED_RGB_0606",259.588000,-96.012000,0.000000,top
"LED179","LED_ARGB","LED_RGB_0606",259.892800,-99.669600,0.000000,top
"LED180","LED_ARGB","LED_RGB_0606",260.451600,-103.682800,0.000000,top
"LED181","LED_ARGB","LED_RGB_0606",262.585200,-107.137200,0.000000,top
"LED182","LED_ARGB","LED_RGB_0606",264.769600,-110.439200,0.000000,top
"LED183","LED_ARGB","LED_RGB_0606",266.750800,-113.792000,0.000000,top
"LED184","LED_ARGB","LED_RGB_0606",269.087600,-117.195600,0.000000,top
"LED185","LED_ARGB","LED_RGB_0606",271.373600,-120.548400,0.000000,top
"LED186","LED_ARGB","LED_RGB_0606",273.507200,-123.799600,0.000000,top
"LED187","LED_ARGB","LED_RGB_0606",276.352000,-126.441200,0.000000,top
"LED188","LED_ARGB","LED_RGB_0606",278.384000,-129.641600,0.000000,top
"LED189","LED_ARGB","LED_RGB_0606",278.587200,-133.654800,0.000000,top
"LED190","LED_ARGB","LED_RGB_0606",263.093200,-121.615200,0.000000,top
"LED191","LED_ARGB","LED_RGB_0606",266.039600,-124.358400,0.000000,top
"LED192","LED_ARGB","LED_RGB_0606",268.478000,-127.609600,0.000000,top
"LED193","LED_ARGB","LED_RGB_0606",270.967200,-130.454400,0.000000,top
"LED194","LED_ARGB","LED_RGB_0606",273.761200,-132.181600,0.000000,top
"LED195","LED_ARGB","LED_RGB_0606",273.761200,-136.093200,0.000000,top
"LED196","LED_ARGB","LED_RGB_0606",273.812000,-140.106400,0.000000,top
"LED197","LED_ARGB","LED_RGB_0606",273.812000,-144.170400,0.000000,top
"LED198","LED_ARGB","LED_RGB_0606",274.167600,-148.132800,0.000000,top
"LED199","LED_ARGB","LED_RGB_0606",275.082000,-151.942800,0.000000,top
"LED200","LED_ARGB","LED_RGB_0606",275.640800,-155.803600,0.000000,top
"LED201","LED_ARGB","LED_RGB_0606",277.063200,-158.851600,0.000000,top
"LED202","LED_ARGB","LED_RGB_0606",280.466800,-160.578800,0.000000,top
"LED203","LED_ARGB","LED_RGB_0606",283.768800,-162.966400,0.000000,top
"LED204","LED_ARGB","LED_RGB_0606",287.324800,-164.287200,0.000000,top
"LED205","LED_ARGB","LED_RGB_0606",291.287200,-164.033200,0.000000,top
"LED206","LED_ARGB","LED_RGB_0606",295.300400,-163.931600,0.000000,top
"LED207","LED_ARGB","LED_RGB_0606",299.262800,-163.880800,0.000000,top
"LED208","LED_ARGB","LED_RGB_0606",278.333200,-137.566400,0.000000,top
"LED209","LED_ARGB","LED_RGB_0606",278.282400,-141.732000,0.000000,top
"LED210","LED_ARGB","LED_RGB_0606",280.822400,-144.373600,0.000000,top
"LED211","LED_ARGB","LED_RGB_0606",283.311600,-147.624800,0.000000,top
"LED212","LED_ARGB","LED_RGB_0606",286.867600,-149.250400,0.000000,top
"LED213","LED_ARGB","LED_RGB_0606",290.525200,-149.860000,0.000000,top
"LED214","LED_ARGB","LED_RGB_0606",294.233600,-151.739600,0.000000,top
"LED215","LED_ARGB","LED_RGB_0606",296.976800,-154.635200,0.000000,top
"LED216","LED_ARGB","LED_RGB_0606",299.770800,-156.768800,0.000000,top
"LED217","LED_ARGB","LED_RGB_0606",303.784000,-156.870400,0.000000,top
"LED218","LED_ARGB","LED_RGB_0606",307.746400,-157.581600,0.000000,top
"LED219","LED_ARGB","LED_RGB_0606",311.200800,-159.207200,0.000000,top
"LED220","LED_ARGB","LED_RGB_0606",314.960000,-160.426400,0.000000,top
"LED221","LED_ARGB","LED_RGB_0606",318.617600,-161.544000,0.000000,top
"LED222","LED_ARGB","LED_RGB_0606",322.326000,-162.255200,0.000000,top
"LED223","LED_ARGB","LED_RGB_0606",325.424800,-164.846000,0.000000,top
"LED224","LED_ARGB","LED_RGB_0606",327.609200,-167.284400,0.000000,top
"LED225","LED_ARGB","LED_RGB_0606",331.825600,-167.335200,0.000000,top
"LED226","LED_ARGB","LED_RGB_0606",303.072800,-164.185600,0.000000,top
"LED227","LED_ARGB","LED_RGB_0606",307.187600,-164.185600,0.000000,top
"LED228","LED_ARGB","LED_RGB_0606",311.200800,-164.185600,0.000000,top
"LED229","LED_ARGB","LED_RGB_0606",315.061600,-164.185600,0.000000,top
"LED230","LED_ARGB","LED_RGB_0606",318.566800,-165.506400,0.000000,top
"LED231","LED_ARGB","LED_RGB_0606",321.411600,-168.554400,0.000000,top
"LED232","LED_ARGB","LED_RGB_0606",323.240400,-172.110400,0.000000,top
"LED233","LED_ARGB","LED_RGB_0606",325.780400,-174.599600,0.000000,top
"LED234","LED_ARGB","LED_RGB_0606",328.218800,-177.749200,0.000000,top
"LED235","LED_ARGB","LED_RGB_0606",267.665200,-68.681600,0.000000,top
"LED236","LED_ARGB","LED_RGB_0606",270.256000,-71.577200,0.000000,top
"LED237","LED_ARGB","LED_RGB_0606",273.354800,-73.507600,0.000000,top
"LED238","LED_ARGB","LED_RGB_0606",277.317200,-74.472800,0.000000,top
"LED239","LED_ARGB","LED_RGB_0606",280.974800,-76.200000,0.000000,top
"LED240","LED_ARGB","LED_RGB_0606",283.311600,-79.197200,0.000000,top
"LED241","LED_ARGB","LED_RGB_0606",286.054800,-81.991200,0.000000,top
"LED242","LED_ARGB","LED_RGB_0606",288.798000,-84.836000,0.000000,top
"LED243","LED_ARGB","LED_RGB_0606",291.388800,-87.833200,0.000000,top
"LED244","LED_ARGB","LED_RGB_0606",265.125200,-88.798400,0.000000,top
"LED245","LED_ARGB","LED_RGB_0606",268.833600,-88.900000,0.000000,top
"LED246","LED_ARGB","LED_RGB_0606",272.796000,-88.900000,0.000000,top
"LED247","LED_ARGB","LED_RGB_0606",276.758400,-89.357200,0.000000,top
"LED248","LED_ARGB","LED_RGB_0606",279.298400,-92.456000,0.000000,top
"LED249","LED_ARGB","LED_RGB_0606",282.448000,-94.843600,0.000000,top
"LED250","LED_ARGB","LED_RGB_0606",284.581600,-98.399600,0.000000,top
"LED251","LED_ARGB","LED_RGB_0606",287.578800,-100.431600,0.000000,top
"LED252","LED_ARGB","LED_RGB_0606",289.915600,-103.327200,0.000000,top
"LED253","LED_ARGB","LED_RGB_0606",289.560000,-72.136000,0.000000,top
"LED254","LED_ARGB","LED_RGB_0606",293.471600,-72.745600,0.000000,top
"LED255","LED_ARGB","LED_RGB_0606",297.180000,-73.863200,0.000000,top
"LED256","LED_ARGB","LED_RGB_0606",300.634400,-76.047600,0.000000,top
"LED257","LED_ARGB","LED_RGB_0606",304.088800,-78.282800,0.000000,top
"LED258","LED_ARGB","LED_RGB_0606",307.898800,-78.740000,0.000000,top
"LED259","LED_ARGB","LED_RGB_0606",310.540400,-81.737200,0.000000,top
"LED260","LED_ARGB","LED_RGB_0606",313.334400,-84.378800,0.000000,top
"LED261","LED_ARGB","LED_RGB_0606",314.350400,-88.036400,0.000000,top
"LED262","LED_ARGB","LED_RGB_0606",293.725600,-90.830400,0.000000,top
"LED263","LED_ARGB","LED_RGB_0606",294.792400,-94.691200,0.000000,top
"LED264","LED_ARGB","LED_RGB_0606",296.418000,-98.094800,0.000000,top
"LED265","LED_ARGB","LED_RGB_0606",299.466000,-100.939600,0.000000,top
"LED266","LED_ARGB","LED_RGB_0606",302.209200,-103.682800,0.000000,top
"LED267","LED_ARGB","LED_RGB_0606",304.292000,-106.629200,0.000000,top
"LED268","LED_ARGB","LED_RGB_0606",308.762400,-109.524800,0.000000,top
"LED269","LED_ARGB","LED_RGB_0606",312.521600,-108.305600,0.000000,top
"LED270","LED_ARGB","LED_RGB_0606",315.925200,-106.629200,0.000000,top
"LED271","LED_ARGB","LED_RGB_0606",293.471600,-105.156000,0.000000,top
"LED272","LED_ARGB","LED_RGB_0606",296.926000,-106.730800,0.000000,top
"LED273","LED_ARGB","LED_RGB_0606",300.126400,-109.372400,0.000000,top
"LED274","LED_ARGB","LED_RGB_0606",304.038000,-110.388400,0.000000,top
"LED275","LED_ARGB","LED_RGB_0606",303.784000,-114.350800,0.000000,top
"LED276","LED_ARGB","LED_RGB_0606",307.100000,-116.200000,0.000000,top
"LED277","LED_ARGB","LED_RGB_0606",310.896000,-117.195600,0.000000,top
"LED278","LED_ARGB","LED_RGB_0606",314.452000,-119.278400,0.000000,top
"LED279","LED_ARGB","LED_RGB_0606",316.992000,-122.326400,0.000000,top
"LED280","LED_ARGB","LED_RGB_0606",316.890400,-89.763600,0.000000,top
"LED281","LED_ARGB","LED_RGB_0606",320.700400,-89.662000,0.000000,top
"LED282","LED_ARGB","LED_RGB_0606",324.713600,-89.662000,0.000000,top
"LED283","LED_ARGB","LED_RGB_0606",328.371200,-90.525600,0.000000,top
"LED284","LED_ARGB","LED_RGB_0606",332.333600,-90.373200,0.000000,top
"LED285","LED_ARGB","LED_RGB_0606",336.397600,-90.830400,0.000000,top
"LED286","LED_ARGB","LED_RGB_0606",339.801200,-92.964000,0.000000,top
"LED287","LED_ARGB","LED_RGB_0606",343.712800,-93.167200,0.000000,top
"LED288","LED_ARGB","LED_RGB_0606",347.675200,-93.167200,0.000000,top
"LED289","LED_ARGB","LED_RGB_0606",319.938400,-106.273600,0.000000,top
"LED290","LED_ARGB","LED_RGB_0606",323.850000,-106.222800,0.000000,top
"LED291","LED_ARGB","LED_RGB_0606",327.863200,-106.172000,0.000000,top
"LED292","LED_ARGB","LED_RGB_0606",331.774800,-106.121200,0.000000,top
"LED293","LED_ARGB","LED_RGB_0606",335.838800,-106.984800,0.000000,top
"LED294","LED_ARGB","LED_RGB_0606",339.496400,-107.645200,0.000000,top
"LED295","LED_ARGB","LED_RGB_0606",343.408000,-107.238800,0.000000,top
"LED296","LED_ARGB","LED_RGB_0606",347.421200,-106.629200,0.000000,top
"LED297","LED_ARGB","LED_RGB_0606",351.434400,-106.222800,0.000000,top
"LED298","LED_ARGB","LED_RGB_0606",319.532000,-125.374400,0.000000,top
"LED299","LED_ARGB","LED_RGB_0606",321.360800,-128.828800,0.000000,top
"LED300","LED_ARGB","LED_RGB_0606",324.104000,-131.673600,0.000000,top
"LED301","LED_ARGB","LED_RGB_0606",326.085200,-135.178800,0.000000,top
"LED302","LED_ARGB","LED_RGB_0606",328.269600,-138.531600,0.000000,top
"LED303","LED_ARGB","LED_RGB_0606",331.114400,-141.173200,0.000000,top
"LED304","LED_ARGB","LED_RGB_0606",334.416400,-143.459200,0.000000,top
"LED305","LED_ARGB","LED_RGB_0606",337.718400,-145.643600,0.000000,top
"LED306","LED_ARGB","LED_RGB_0606",340.817200,-147.929600,0.000000,top
"LED307","LED_ARGB","LED_RGB_0606",354.126800,-156.819600,0.000000,top
"LED308","LED_ARGB","LED_RGB_0606",350.875600,-154.432000,0.000000,top
"LED309","LED_ARGB","LED_RGB_0606",347.421200,-152.196800,0.000000,top
"LED310","LED_ARGB","LED_RGB_0606",344.322400,-150.317200,0.000000,top
"LED311","LED_ARGB","LED_RGB_0606",359.308400,-106.172000,0.000000,top
"LED312","LED_ARGB","LED_RGB_0606",355.396800,-106.172000,0.000000,top
"LED313","LED_ARGB","LED_RGB_0606",358.546400,-96.113600,0.000000,top
"LED314","LED_ARGB","LED_RGB_0606",355.193600,-94.742000,0.000000,top
"LED315","LED_ARGB","LED_RGB_0606",351.383600,-94.335600,0.000000,top
"LED316","LED_ARGB","LED_RGB_0606",356.717600,-159.918400,0.000000,top
"LED317","LED_ARGB","LED_RGB_0606",359.308400,-162.966400,0.000000,top
"LED318","LED_ARGB","LED_RGB_0606",353.263200,-183.997600,0.000000,top
"LED319","LED_ARGB","LED_RGB_0606",349.758000,-182.118000,0.000000,top
"LED320","LED_ARGB","LED_RGB_0606",335.483200,-168.402000,0.000000,top
"LED321","LED_ARGB","LED_RGB_0606",338.175600,-171.043600,0.000000,top
"LED322","LED_ARGB","LED_RGB_0606",341.122000,-173.990000,0.000000,top
"LED323","LED_ARGB","LED_RGB_0606",344.017600,-176.631600,0.000000,top
"LED324","LED_ARGB","LED_RGB_0606",346.913200,-179.374800,0.000000,top
"LED326","LED_ARGB","LED_RGB_0606",18.669000,-89.874000,0.000000,top
"LED327","LED_ARGB","LED_RGB_0606",28.194000,-89.874000,0.000000,top
"LED328","LED_ARGB","LED_RGB_0606",9.200000,-89.900000,0.000000,top
"LED329","LED_ARGB","LED_RGB_0606",330.860400,-180.594000,0.000000,top
"LED330","LED_ARGB","LED_RGB_0606",333.349600,-183.642000,0.000000,top
"LED334","LED_ARGB","LED_RGB_0606",293.500000,-123.200000,0.000000,top
"LED335","LED_ARGB","LED_RGB_0606",142.800000,-62.200000,0.000000,top
"LED336","LED_ARGB","LED_RGB_0606",146.200000,-59.900000,0.000000,top
"LED337","LED_ARGB","LED_RGB_0606",149.500000,-57.300000,0.000000,top
"LED338","LED_ARGB","LED_RGB_0606",152.700000,-54.900000,0.000000,top
"LED339","LED_ARGB","LED_RGB_0606",155.800000,-52.300000,0.000000,top
"LED340","LED_ARGB","LED_RGB_0606",260.300000,-116.600000,0.000000,top
"LED341","LED_ARGB","LED_RGB_0606",159.000000,-49.800000,0.000000,top
"LED342","LED_ARGB","LED_RGB_0606",162.700000,-47.600000,0.000000,top
"LED343","LED_ARGB","LED_RGB_0606",165.900000,-45.100000,0.000000,top
"LED344","LED_ARGB","LED_RGB_0606",169.500000,-43.600000,0.000000,top
"LED345","LED_ARGB","LED_RGB_0606",173.500000,-42.600000,0.000000,top
"LED346","LED_ARGB","LED_RGB_0606",177.400000,-41.300000,0.000000,top
"LED347","LED_ARGB","LED_RGB_0606",181.000000,-39.700000,0.000000,top
"LED348","LED_ARGB","LED_RGB_0606",185.100000,-39.200000,0.000000,top
"LED349","LED_ARGB","LED_RGB_0606",189.200000,-39.000000,0.000000,top
"LED350","LED_ARGB","LED_RGB_0606",193.200000,-39.200000,0.000000,top
"LED351","LED_ARGB","LED_RGB_0606",197.200000,-38.900000,0.000000,top
"LED352","LED_ARGB","LED_RGB_0606",201.000000,-38.400000,0.000000,top
"LED353","LED_ARGB","LED_RGB_0606",204.800000,-38.000000,0.000000,top
"LED354","LED_ARGB","LED_RGB_0606",208.100000,-36.300000,0.000000,top
"LED355","LED_ARGB","LED_RGB_0606",212.400000,-37.100000,0.000000,top
"LED356","LED_ARGB","LED_RGB_0606",216.600000,-36.500000,0.000000,top
"LED357","LED_ARGB","LED_RGB_0606",220.700000,-38.000000,0.000000,top
"LED358","LED_ARGB","LED_RGB_0606",224.700000,-37.000000,0.000000,top
"LED359","LED_ARGB","LED_RGB_0606",228.300000,-35.400000,0.000000,top
"LED360","LED_ARGB","LED_RGB_0606",231.700000,-33.400000,0.000000,top
"LED361","LED_ARGB","LED_RGB_0606",235.100000,-31.800000,0.000000,top
"LED362","LED_ARGB","LED_RGB_0606",293.600000,-126.400000,0.000000,top
"LED363","LED_ARGB","LED_RGB_0606",293.600000,-129.800000,0.000000,top
"LED366","LED_ARGB","LED_RGB_0606",293.600000,-133.200000,0.000000,top
"LED367","LED_ARGB","LED_RGB_0606",293.300000,-136.600000,0.000000,top
"LED369","LED_ARGB","LED_RGB_0606",292.500000,-140.200000,0.000000,top
"LED370","LED_ARGB","LED_RGB_0606",263.900000,-115.400000,0.000000,top
"LED372","LED_ARGB","LED_RGB_0606",292.700000,-143.800000,0.000000,top
"LED373","LED_ARGB","LED_RGB_0606",293.000000,-147.400000,0.000000,top
"LED374","LED_ARGB","LED_RGB_0606",292.500000,-154.400000,0.000000,top
"LED375","LED_ARGB","LED_RGB_0606",292.400000,-157.800000,0.000000,top
"LED377","LED_ARGB","LED_RGB_0606",294.000000,-116.800000,0.000000,top
"LED378","LED_ARGB","LED_RGB_0606",293.600000,-120.000000,0.000000,top
"LED380","LED_ARGB","LED_RGB_0606",270.900000,-114.600000,0.000000,top
"LED381","LED_ARGB","LED_RGB_0606",275.000000,-114.400000,0.000000,top
"LED382","LED_ARGB","LED_RGB_0606",279.300000,-114.000000,0.000000,top
"LED383","LED_ARGB","LED_RGB_0606",283.300000,-113.800000,0.000000,top
"LED384","LED_ARGB","LED_RGB_0606",287.500000,-113.400000,0.000000,top
"LED385","LED_ARGB","LED_RGB_0606",291.700000,-113.400000,0.000000,top
"LED386","LED_ARGB","LED_RGB_0606",296.300000,-114.000000,0.000000,top
"LED387","LED_ARGB","LED_RGB_0606",300.000000,-116.000000,0.000000,top
"LED390","LED_ARGB","LED_RGB_0606",292.200000,-161.000000,0.000000,top
"LED391","LED_ARGB","LED_RGB_0606",293.700000,-166.800000,0.000000,top
"LED392","LED_ARGB","LED_RGB_0606",292.300000,-170.200000,0.000000,top
"LED401","LED_ARGB","LED_RGB_0606",134.900000,-64.900000,0.000000,top
"LED402","LED_ARGB","LED_RGB_0606",255.375000,-49.100000,0.000000,top
"LED403","LED_ARGB","LED_RGB_0606",255.700000,-45.425000,0.000000,top
"LED404","LED_ARGB","LED_RGB_0606",257.875000,-42.400000,0.000000,top
"LED405","LED_ARGB","LED_RGB_0606",260.875000,-39.900000,0.000000,top
"LED406","LED_ARGB","LED_RGB_0606",264.250000,-37.550000,0.000000,top
"LED407","LED_ARGB","LED_RGB_0606",266.725000,-34.575000,0.000000,top
"LED408","LED_ARGB","LED_RGB_0606",270.150000,-32.825000,0.000000,top
"LED409","LED_ARGB","LED_RGB_0606",274.125000,-31.750000,0.000000,top
"LED410","LED_ARGB","LED_RGB_0606",277.775000,-30.850000,0.000000,top
"LED411","LED_ARGB","LED_RGB_0606",280.700000,-28.275000,0.000000,top
"LED412","LED_ARGB","LED_RGB_0606",283.250000,-25.450000,0.000000,top
"LED413","LED_ARGB","LED_RGB_0606",286.850000,-24.075000,0.000000,top
"LED414","LED_ARGB","LED_RGB_0606",290.175000,-22.250000,0.000000,top
"LED415","LED_ARGB","LED_RGB_0606",293.350000,-19.275000,0.000000,top
"LED416","LED_ARGB","LED_RGB_0606",297.450000,-17.650000,0.000000,top
"LED417","LED_ARGB","LED_RGB_0606",301.775000,-17.450000,0.000000,top
"LED418","LED_ARGB","LED_RGB_0606",305.200000,-18.925000,0.000000,top
"LED419","LED_ARGB","LED_RGB_0606",309.075000,-19.250000,0.000000,top
"LED420","LED_ARGB","LED_RGB_0606",312.900000,-19.575000,0.000000,top
"LED421","LED_ARGB","LED_RGB_0606",316.675000,-20.625000,0.000000,top
"LED422","LED_ARGB","LED_RGB_0606",319.925000,-18.925000,0.000000,top
"LED423","LED_ARGB","LED_RGB_0606",322.225000,-15.875000,0.000000,top
"LED424","LED_ARGB","LED_RGB_0606",322.250000,-12.300000,0.000000,top
"LED425","LED_ARGB","LED_RGB_0606",320.175000,-9.000000,0.000000,top
"LED426","LED_ARGB","LED_RGB_0606",318.800000,-5.450000,0.000000,top
"LED501","LED_ARGB","LED_RGB_0606",18.700000,-71.600000,0.000000,top
"LED502","LED_ARGB","LED_RGB_0606",14.500000,-67.400000,0.000000,top
"LED503","LED_ARGB","LED_RGB_0606",18.700000,-63.200000,0.000000,top
"LED504","LED_ARGB","LED_RGB_0606",23.000000,-67.400000,0.000000,top
"LED505","LED_ARGB","LED_RGB_0606",6.100000,-163.900000,0.000000,top
"LED506","LED_ARGB","LED_RGB_0606",6.100000,-158.700000,0.000000,top
"LED507","LED_ARGB","LED_RGB_0606",6.100000,-161.300000,0.000000,top
"R1","8.5k","R_0603_1608Metric",18.365199,-160.000000,180.000000,top
"R2","0R","R_0402_1005Metric",8.890000,-172.847000,0.000000,top
"R3","14.5k","R_0603_1608Metric",14.500000,-160.000000,0.000000,top
"R4","1.5k","R_0603_1608Metric",18.375000,-163.000000,180.000000,top
"R5","5.1k","R_0402_1005Metric",9.017000,-176.276000,0.000000,top
"R6","5.1k","R_0402_1005Metric",9.017000,-179.451000,0.000000,top
"R7","2.5k","R_0603_1608Metric",14.500000,-163.100000,180.000000,top
"R11","51","R_0402_1005Metric",95.250000,-99.949000,180.000000,top
"R12","20","R_0402_1005Metric",95.250000,-101.473000,180.000000,top
"R13","20","R_0402_1005Metric",93.218000,-100.711000,180.000000,top
"R14","51","R_0402_1005Metric",93.345000,-97.663000,180.000000,top
"R15","20","R_0402_1005Metric",93.218000,-99.187000,180.000000,top
"R16","20","R_0402_1005Metric",95.250000,-98.425000,180.000000,top
"R17","51","R_0402_1005Metric",98.171000,-94.488000,90.000000,top
"R18","4.7k","R_0402_1005Metric",57.150000,-172.085000,180.000000,top
"R19","4.7k","R_0402_1005Metric",57.150000,-170.815000,180.000000,top
"R20","2k","R_0402_1005Metric",49.657000,-161.925000,-90.000000,top
"R21","2k","R_0402_1005Metric",48.387000,-161.925000,-90.000000,top
"R22","20","R_0402_1005Metric",97.409000,-92.456000,90.000000,top
"R23","20","R_0402_1005Metric",96.647000,-94.488000,90.000000,top
"R24","51","R_0402_1005Metric",100.457000,-92.456000,90.000000,top
"R25","20","R_0402_1005Metric",99.695000,-94.488000,90.000000,top
"R26","20","R_0402_1005Metric",98.933000,-92.456000,90.000000,top
"R27","10k","R_0603_1608Metric",93.599000,-107.315000,90.000000,top
"R28","51","R_0402_1005Metric",102.743000,-94.488000,90.000000,top
"R29","20","R_0402_1005Metric",101.981000,-92.456000,90.000000,top
"R30","20","R_0402_1005Metric",101.219000,-94.488000,90.000000,top
"R31","51","R_0402_1005Metric",105.029000,-92.456000,90.000000,top
"R32","20","R_0402_1005Metric",104.267000,-94.488000,90.000000,top
"R33","20","R_0402_1005Metric",103.505000,-92.456000,90.000000,top
"R34","51","R_0402_1005Metric",107.315000,-94.488000,90.000000,top
"R35","20","R_0402_1005Metric",105.791000,-94.488000,90.000000,top
"R36","20","R_0402_1005Metric",106.553000,-92.456000,90.000000,top
"R37","51","R_0402_1005Metric",110.744000,-100.457000,0.000000,top
"R38","20","R_0402_1005Metric",108.712000,-99.695000,0.000000,top
"R39","20","R_0402_1005Metric",110.744000,-98.933000,0.000000,top
"R40","51","R_0402_1005Metric",108.712000,-98.171000,0.000000,top
"R41","20","R_0402_1005Metric",110.744000,-97.409000,0.000000,top
"R42","20","R_0402_1005Metric",108.712000,-96.647000,0.000000,top
"R43","51","R_0402_1005Metric",108.712000,-107.315000,0.000000,top
"R44","20","R_0402_1005Metric",110.744000,-106.553000,0.000000,top
"R45","20","R_0402_1005Metric",108.712000,-105.791000,0.000000,top
"R46","51","R_0402_1005Metric",110.744000,-105.029000,0.000000,top
"R47","20","R_0402_1005Metric",108.712000,-104.267000,0.000000,top
"R48","20","R_0402_1005Metric",110.744000,-103.505000,0.000000,top
"R49","51","R_0402_1005Metric",108.712000,-102.743000,0.000000,top
"R50","20","R_0402_1005Metric",110.744000,-101.981000,0.000000,top
"R51","20","R_0402_1005Metric",108.712000,-101.219000,0.000000,top
"R52","51","R_0402_1005Metric",110.744000,-109.601000,0.000000,top
"R53","20","R_0402_1005Metric",108.712000,-108.839000,0.000000,top
"R54","20","R_0402_1005Metric",110.744000,-108.077000,0.000000,top
"R55","51","R_0402_1005Metric",240.411000,-137.541000,90.000000,top
"R56","20","R_0402_1005Metric",239.649000,-135.636000,90.000000,top
"R57","20","R_0402_1005Metric",238.887000,-137.668000,90.000000,top
"R58","51","R_0402_1005Metric",247.269000,-135.636000,90.000000,top
"R59","20","R_0402_1005Metric",246.507000,-137.668000,90.000000,top
"R60","20","R_0402_1005Metric",245.745000,-135.636000,90.000000,top
"R61","51","R_0402_1005Metric",242.697000,-135.636000,90.000000,top
"R62","4.7k","R_0402_1005Metric",57.150000,-174.625000,180.000000,top
"R63","4.7k","R_0402_1005Metric",57.150000,-173.355000,180.000000,top
"R64","2k","R_0402_1005Metric",57.150000,-169.545000,180.000000,top
"R65","10k","R_0402_1005Metric",57.150000,-178.435000,180.000000,top
"R66","20","R_0402_1005Metric",241.935000,-137.668000,90.000000,top
"R67","20","R_0402_1005Metric",241.173000,-135.636000,90.000000,top
"R68","51","R_0402_1005Metric",237.490000,-143.129000,180.000000,top
"R69","20","R_0402_1005Metric",235.458000,-143.891000,180.000000,top
"R70","20","R_0402_1005Metric",235.458000,-145.034000,180.000000,top
"R71","10k","R_0603_1608Metric",235.839000,-150.495000,90.000000,top
"R72","51","R_0402_1005Metric",235.458000,-140.843000,180.000000,top
"R73","20","R_0402_1005Metric",237.490000,-141.605000,180.000000,top
"R74","20","R_0402_1005Metric",235.458000,-142.367000,180.000000,top
"R75","51","R_0402_1005Metric",244.983000,-137.668000,90.000000,top
"R76","20","R_0402_1005Metric",244.221000,-135.636000,90.000000,top
"R77","20","R_0402_1005Metric",243.459000,-137.668000,90.000000,top
"R78","51","R_0402_1005Metric",249.555000,-137.668000,90.000000,top
"R79","20","R_0402_1005Metric",248.793000,-135.636000,90.000000,top
"R80","20","R_0402_1005Metric",248.031000,-137.668000,90.000000,top
"R81","51","R_0402_1005Metric",250.952000,-141.351000,0.000000,top
"R82","20","R_0402_1005Metric",252.984000,-140.589000,0.000000,top
"R83","20","R_0402_1005Metric",250.952000,-139.827000,0.000000,top
"R84","51","R_0402_1005Metric",250.952000,-145.923000,0.000000,top
"R85","20","R_0402_1005Metric",252.984000,-145.161000,0.000000,top
"R86","20","R_0402_1005Metric",250.952000,-144.399000,0.000000,top
"R87","51","R_0402_1005Metric",250.952000,-150.495000,0.000000,top
"R88","20","R_0402_1005Metric",252.984000,-149.733000,0.000000,top
"R89","20","R_0402_1005Metric",250.952000,-148.971000,0.000000,top
"R90","51","R_0402_1005Metric",252.984000,-143.637000,0.000000,top
"R91","20","R_0402_1005Metric",250.952000,-142.875000,0.000000,top
"R92","20","R_0402_1005Metric",252.984000,-142.113000,0.000000,top
"R93","51","R_0402_1005Metric",252.984000,-146.685000,0.000000,top
"R94","20","R_0402_1005Metric",252.984000,-148.209000,0.000000,top
"R95","20","R_0402_1005Metric",250.952000,-147.447000,0.000000,top
"R96","51","R_0402_1005Metric",252.984000,-152.781000,0.000000,top
"R97","20","R_0402_1005Metric",250.952000,-152.019000,0.000000,top
"R98","20","R_0402_1005Metric",252.984000,-151.257000,0.000000,top
"R99","51","R_0402_1005Metric",327.406000,-25.273000,180.000000,top
"R100","20","R_0402_1005Metric",329.438000,-24.511000,180.000000,top
"R101","20","R_0402_1005Metric",327.406000,-23.749000,180.000000,top
"R102","51","R_0402_1005Metric",329.438000,-27.559000,180.000000,top
"R103","20","R_0402_1005Metric",327.406000,-26.797000,180.000000,top
"R104","20","R_0402_1005Metric",329.438000,-26.035000,180.000000,top
"R105","51","R_0402_1005Metric",327.406000,-29.845000,180.000000,top
"R106","4.7k","R_0402_1005Metric",57.150000,-177.165000,180.000000,top
"R107","4.7k","R_0402_1005Metric",57.150000,-175.895000,180.000000,top
"R108","Photoresistor","Photoresistor",73.660000,-185.420000,0.000000,top
"R109","51","R_0402_1005Metric",344.932000,-33.401000,0.000000,top
"R110","20","R_0402_1005Metric",329.438000,-29.083000,180.000000,top
"R111","20","R_0402_1005Metric",327.406000,-28.321000,180.000000,top
"R112","51","R_0402_1005Metric",329.438000,-32.131000,180.000000,top
"R113","20","R_0402_1005Metric",327.406000,-31.369000,180.000000,top
"R114","20","R_0402_1005Metric",329.438000,-30.607000,180.000000,top
"R115","10k","R_0603_1608Metric",344.551000,-26.035000,-90.000000,top
"R116","51","R_0402_1005Metric",327.406000,-34.417000,180.000000,top
"R117","20","R_0402_1005Metric",329.438000,-33.655000,180.000000,top
"R118","20","R_0402_1005Metric",327.406000,-32.893000,180.000000,top
"R119","51","R_0402_1005Metric",332.359000,-38.862000,-90.000000,top
"R120","20","R_0402_1005Metric",331.597000,-40.894000,-90.000000,top
"R121","20","R_0402_1005Metric",330.835000,-38.862000,-90.000000,top
"R122","51","R_0402_1005Metric",334.645000,-40.894000,-90.000000,top
"R123","20","R_0402_1005Metric",333.883000,-38.862000,-90.000000,top
"R124","20","R_0402_1005Metric",333.121000,-40.894000,-90.000000,top
"R125","51","R_0402_1005Metric",329.438000,-36.703000,180.000000,top
"R126","20","R_0402_1005Metric",327.406000,-35.941000,180.000000,top
"R127","20","R_0402_1005Metric",329.438000,-35.179000,180.000000,top
"R128","51","R_0402_1005Metric",341.503000,-38.862000,-90.000000,top
"R129","20","R_0402_1005Metric",340.741000,-40.894000,-90.000000,top
"R130","20","R_0402_1005Metric",339.979000,-38.862000,-90.000000,top
"R131","51","R_0402_1005Metric",337.693000,-40.894000,-90.000000,top
"R132","20","R_0402_1005Metric",338.455000,-38.862000,-90.000000,top
"R133","20","R_0402_1005Metric",339.217000,-40.894000,-90.000000,top
"R134","51","R_0402_1005Metric",336.931000,-38.862000,-90.000000,top
"R135","20","R_0402_1005Metric",336.169000,-40.894000,-90.000000,top
"R136","20","R_0402_1005Metric",335.407000,-38.862000,-90.000000,top
"R138","10k","R_0402_1005Metric",34.036000,-175.133000,90.000000,top
"R139","2k","R_0402_1005Metric",57.150000,-168.275000,180.000000,top
"R140","10k","R_0402_1005Metric",39.497000,-161.925000,-90.000000,top
"R145","20","R_0402_1005Metric",342.900000,-34.163000,0.000000,top
"R146","20","R_0402_1005Metric",344.932000,-34.925000,0.000000,top
"R147","4.7k","R_0402_1005Metric",45.847000,-161.925000,-90.000000,top
"R148","4.7k","R_0402_1005Metric",47.117000,-161.925000,-90.000000,top
"R149","10k","R_0603_1608Metric",204.300000,-14.775000,-90.000000,top
"R150","51","R_0402_1005Metric",203.300000,-19.900000,0.000000,top
"R151","20","R_0402_1005Metric",203.300000,-18.300000,0.000000,top
"R152","20","R_0402_1005Metric",205.300000,-19.100000,0.000000,top
"R153","51","R_0402_1005Metric",205.300000,-22.300000,0.000000,top
"R154","20","R_0402_1005Metric",205.300000,-20.700000,0.000000,top
"R155","20","R_0402_1005Metric",203.300000,-21.500000,0.000000,top
"R156","51","R_0402_1005Metric",199.900000,-25.710000,-90.000000,top
"R157","20","R_0402_1005Metric",200.700000,-27.710000,-90.000000,top
"R158","20","R_0402_1005Metric",201.500000,-25.710000,-90.000000,top
"R159","51","R_0402_1005Metric",197.500000,-27.710000,-90.000000,top
"R160","20","R_0402_1005Metric",198.300000,-25.710000,-90.000000,top
"R161","20","R_0402_1005Metric",199.100000,-27.710000,-90.000000,top
"R162","51","R_0402_1005Metric",195.100000,-25.710000,-90.000000,top
"R163","20","R_0402_1005Metric",195.900000,-27.710000,-90.000000,top
"R164","20","R_0402_1005Metric",196.700000,-25.710000,-90.000000,top
"R165","51","R_0402_1005Metric",192.700000,-27.710000,-90.000000,top
"R166","20","R_0402_1005Metric",193.500000,-25.710000,-90.000000,top
"R167","20","R_0402_1005Metric",194.300000,-27.700000,-90.000000,top
"R168","51","R_0402_1005Metric",189.190000,-23.800000,180.000000,top
"R169","20","R_0402_1005Metric",191.900000,-25.710000,-90.000000,top
"R170","20","R_0402_1005Metric",191.100000,-27.710000,-90.000000,top
"R171","51","R_0402_1005Metric",189.190000,-19.000000,180.000000,top
"R172","20","R_0402_1005Metric",187.190000,-19.800000,180.000000,top
"R173","20","R_0402_1005Metric",189.190000,-20.600000,180.000000,top
"R174","51","R_0402_1005Metric",187.190000,-21.400000,180.000000,top
"R175","20","R_0402_1005Metric",189.190000,-22.200000,180.000000,top
"R176","20","R_0402_1005Metric",187.190000,-23.000000,180.000000,top
"R177","51","R_0402_1005Metric",187.200000,-11.900000,180.000000,top
"R178","20","R_0402_1005Metric",189.200000,-12.700000,180.000000,top
"R179","20","R_0402_1005Metric",187.200000,-13.500000,180.000000,top
"R180","51","R_0402_1005Metric",189.200000,-14.300000,180.000000,top
"R181","20","R_0402_1005Metric",187.200000,-15.100000,180.000000,top
"R182","20","R_0402_1005Metric",189.200000,-15.900000,180.000000,top
"R183","51","R_0402_1005Metric",187.200000,-16.600000,180.000000,top
"R184","20","R_0402_1005Metric",189.190000,-17.400000,180.000000,top
"R185","20","R_0402_1005Metric",187.190000,-18.200000,180.000000,top
"R186","51","R_0402_1005Metric",189.200000,-9.500000,180.000000,top
"R187","20","R_0402_1005Metric",187.200000,-10.300000,180.000000,top
"R188","20","R_0402_1005Metric",189.200000,-11.100000,180.000000,top
"SW1","SW_Push","SW_SPST_SKQG_WithoutStem",27.940000,-175.260000,180.000000,top
"SW2","SW_Push","SW_SPST_SKQG_WithoutStem",27.940000,-167.640000,180.000000,top
"SW3","SW_Push","SW_SPST_SKQG_WithoutStem",10.414000,-60.410000,90.000000,top
"U1","MCP4651T-503E/ST","TSSOP14_MC_MCH",16.600000,-167.800000,180.000000,top
"U2","AMS1117-3.3","SOT-223-3_TabPin2",15.494000,-185.928000,0.000000,top
"U3","USBLC6-2SC6","SOT-23-6",12.700000,-177.800000,0.000000,top
"U5","IS31FL3741A","QFN40P700X700X80-61N",101.600000,-101.600000,0.000000,top
"U6","IS31FL3741A","QFN40P700X700X80-61N",243.840000,-144.780000,0.000000,top
"U7","IS31FL3741A","QFN40P700X700X80-61N",336.550000,-31.750000,180.000000,top
"U12","IS31FL3741A","QFN40P700X700X80-61N",196.500000,-18.500000,180.000000,top
"U13","ESP32-S3-WROOM-1","ESP32-S3-WROOM-1",45.250000,-177.050000,180.000000,top
