LED Number,Freeway,Direction,Latitude,Longitude,Tile,openLr Code,Free Flow Speed,Reference
1,101,North,34.45745,-119.980356,22/699279/1669046,C6qyXxh+xwo7dOUMBr0KCA==,72,
1,101,South,34.45657,-119.975818,22/699332/1669058,C6qqoBiBTgooUhIs+XoKGg==,73,
2,101,North,34.440808,-119.942794,22/699717/1669281,C6q6qhh8Xwo5TO40BSkKCw==,72,
2,101,South,34.438392,-119.928052,22/699888/1669315,C6qzGBh+QwoqUxPP+5UKFw==,73,
3,101,North,0,0,0,0,0,2
3,101,South,0,0,0,0,0,2
4,101,North,34.432527,-119.890335,22/700328/1669398,C6rCBxh8lgo2QPA0/4sKCg==,72,
4,101,South,34.432419,-119.881319,22/700433/1669399,C6q8Uxh8NAooOg5WARAKFw==,72,
5,101,North,0,0,0,0,0,4
5,101,South,0,0,0,0,0,4
6,101,North,34.435107,-119.86683,22/700602/1669361,C6rErhh9Ewo2F/pO/vMKBg==,71,
6,101,South,34.437084,-119.855965,22/700728/1669333,C6rDAhh8swomHwe4AS4KFw==,70,
7,101,North,34.43822,-119.846035,22/700844/1669317,C6rJRxh9jQo3KPYi/voKBg==,68,
7,101,South,34.439495,-119.83183,22/701009/1669299,C6rGmxh9QAonHAcWALUKFw==,68,
8,101,North,34.441938,-119.807367,22/701295/1669265,C6rQZhh9+wo3I/cw/60KBw==,68,
8,101,South,34.441548,-119.812175,22/701238/1669270,C6rJ6Bh9lAonJwnXAKcKGA==,65,
9,101,North,34.442362,-119.787789,22/701523/1669259,C6rUXxh91Ao5Ivd6AFMKBw==,70,
9,101,South,34.442156,-119.790265,22/701494/1669262,C6rOfhh94gooHAcBADYKGA==,68,
10,101,North,34.44114,-119.764001,22/701800/1669276,C6rWzxh9zgo5FfrEAA0KCQ==,70,
10,101,South,34.441096,-119.761235,22/701832/1669277,C6rU2xh9xAooFwWF/0EKGw==,67,
11,101,North,34.436439,-119.751035,22/701951/1669342,C6rYUxh8qQo8Bv7bAQYKDA==,67,
11,101,South,34.436037,-119.750865,22/701953/1669348,C6rXbhh9awosCgHb/lkKHA==,67,
12,101,North,34.427744,-119.731729,22/702176/1669465,C6rdIhh7GQo5F/okAOYKCQ==,67,
12,101,South,34.42939,-119.741085,22/702067/1669442,C6rYSxh8pgosIwez/QwKGQ==,69,
13,101,North,34.415428,-119.705894,22/702477/1669639,C6rhExh4mQo5EfylAiUKCw==,65,
13,101,South,34.418831,-119.711322,22/702414/1669591,C6rd9Rh6sAorGgUA/HAKHA==,69,
14,101,North,34.419051,-119.688636,22/702678/1669588,C6rk4xh6AAo3FPt0/o0KAw==,68,
14,101,South,34.414508,-119.693617,22/702620/1669652,C6riFBh4tgokEwOkAnsKFw==,66,
15,101,North,34.420254,-119.675055,22/702836/1669571,C6rnWRh6Mgo2Ffq5/5YKBw==,63,
15,101,South,34.420217,-119.678333,22/702798/1669572,C6rjxxh53gonGAYfADIKFg==,66,
16,101,North,34.420034,-119.645148,22/703184/1669574,C6rtXxh6eQo3JvbrACkKCA==,64,
16,101,South,34.422217,-119.662458,22/702983/1669543,C6rmoRh59QomOA1LAOUKFg==,63,
17,101,North,34.421328,-119.627601,22/703389/1669556,C6rweBh6QAo3G/lZAHwKCA==,62,
17,101,South,34.422438,-119.632034,22/703337/1669540,C6rs0xh6YAomEgSQ/3UKGA==,59,
18,101,North,34.421198,-119.600504,22/703705/1669558,C6r18Rh5dQo5H/iIAXQKBw==,66,
18,101,South,34.421056,-119.603288,22/703672/1669560,C6rxihh6OQopHAbJ/xsKGQ==,65,
19,101,North,34.415903,-119.573411,22/704020/1669632,C6r7fRh4uwo8MvQZAZAKCQ==,66,
19,101,South,34.416516,-119.564965,22/704119/1669624,C6r3TBh5MwopPg23/CEKGA==,68,
20,101,North,34.409338,-119.550793,22/704284/1669725,C6r/zRh3JQo5Kva/A2cKCw==,67,
20,101,South,0,0,0,0,0,19
21,101,North,0,0,0,0,0,20
21,101,South,34.402259,-119.521348,22/704627/1669825,C6r9sBh3ZQooPg1v+0EKHA==,70,
22,101,North,34.392319,-119.508109,22/704781/1669966,C6sFZBh0cQo5F/vwAyEKDQ==,72,
22,101,South,0,0,0,0,0,21
23,101,North,34.388729,-119.49887,22/704889/1670016,C6sH2xhzqQo5Fvq2Aa0KCQ==,71,
23,101,South,34.385769,-119.490382,22/704988/1670058,C6sGkhh0BQoqGAUB/YMKHQ==,68,
24,101,North,34.377145,-119.479137,22/705119/1670180,C6sKchhx+Ao3Cv2ZALgKTHk=,68,
24,101,South,34.376582,-119.478694,22/705124/1670188,C6sI5xhy3AotEQNA/f0KN08=,71,
25,101,North,34.369825,-119.454388,22/705407/1670283,C6smuBhhIgo609eoGI0KPTP2UQXDCjxB8vUGiQosFQ==,71,
25,101,South,34.374644,-119.461922,22/705319/1670215,C6sKahhx7AonRg1++FUKGA==,71,
26,101,North,0,0,0,0,0,25
26,101,South,0,0,0,0,0,25
27,101,North,0,0,0,0,0,25
27,101,South,34.335602,-119.404383,22/705990/1670766,C6sQtBhuWgoo9C6b49kKKiQIg/1dChg=,71,
28,101,North,0,0,0,0,0,25
28,101,South,0,0,0,0,0,27
29,101,North,0,0,0,0,0,25
29,101,South,0,0,0,0,0,27
30,101,North,0,0,0,0,0,25
30,101,South,0,0,0,0,0,27
31,101,North,0,0,0,0,0,25
31,101,South,0,0,0,0,0,27
32,101,North,0,0,0,0,0,25
32,101,South,0,0,0,0,0,27
33,101,North,34.280798,-119.311414,22/707073/1671539,C6soqBhgbwo5EvvXAYAKCg==,71,
33,101,South,0,0,0,0,0,27
34,101,North,34.276206,-119.288537,22/707339/1671604,C6svahheIwo9MPXYBBYKCA==,67,
34,101,South,34.322152,-119.375431,22/706327/1670956,C6sqZBhgAAooEgRT/yIKGw==,68,
35,101,North,0,0,0,0,0,34
35,101,South,34.271893,-119.27831,22/707458/1671665,C6ssaBhfmQorLAit+yMKGg==,68,
36,101,North,34.260772,-119.259149,22/707682/1671821,C6sz2hhdVAozLfZ7Ab0KDQ==,71,
36,101,South,34.259014,-119.252145,22/707763/1671846,C6swcxhdVQoqLQoRAOIKGA==,67,
37,101,North,34.262172,-119.230388,22/708017/1671802,C6s50Rhbzwo7OvMzA0IKAw==,70,
37,101,South,34.263154,-119.232948,22/707987/1671788,C6s1JBhdvgooEwR6/l0KGg==,68,
38,101,North,0,0,0,0,0,37
38,101,South,34.256059,-119.21764,22/708165/1671888,C6s3Ohhc+woqJAe//AwKGg==,70,
39,101,North,34.243293,-119.191553,22/708469/1672068,C6s+9xhZZgo5FfsmAeUKCg==,70,
39,101,South,34.247807,-119.20203,22/708347/1672004,C6s61hhbIwoqHAYy/RkKGg==,71,
40,101,North,34.229705,-119.171079,22/708708/1672259,C6tC0RhWxgo5Gft5A2AKDQ==,71,
40,101,South,34.233104,-119.174463,22/708668/1672211,C6tAgxhYggotEQKT/RgKGw==,70,
41,101,North,34.224766,-119.15698,22/708872/1672329,C6tGDhhWHgo4HPkNAWgKCQ==,70,
41,101,South,34.223179,-119.149326,22/708961/1672351,C6tE5BhWNwooGQZS/3sKGA==,72,
42,101,North,34.222542,-119.139827,22/709072/1672360,C6tJBhhV9wo4GfmgAFMKCA==,70,
42,101,South,34.222033,-119.131422,22/709170/1672367,C6tH1hhV+QooFQU+/+UKGA==,72,
43,101,North,34.222138,-119.12008,22/709302/1672366,C6tNjxhV7wo4J/ZFABEKCA==,71,
43,101,South,34.221858,-119.106503,22/709460/1672370,C6tKSBhV7AooJgmR/8cKGA==,71,
44,101,North,34.220704,-119.088074,22/709675/1672386,C6tTdhhVdwo4M/NXAQMKCA==,71,
44,101,South,34.218437,-119.062259,22/709976/1672418,C6tOvRhV0QooMgx7/vYKGA==,70,
45,101,North,34.219009,-119.067224,22/709918/1672410,C6tXHBhVLgo4H/grAJwKCA==,71,
45,101,South,34.218042,-119.057241,22/710034/1672424,C6tUjhhVVQooHQdT/4EKGA==,70,
46,CA-118,North,34.285707,-119.152778,22/708921/1671470,C6tFYRhhBxqbEv0wAwciDA==,37,
46,CA-118,South,34.287247,-119.154381,22/708902/1671448,C6tCgRhkLyONJgWU+a4abQMAjf+AGhs=,34,
47,CA-118,North,34.277236,-119.139574,22/709075/1671589,C6tIFBhfaBp7FfvgAvYaCg==,49,
47,CA-118,South,34.27726,-119.139924,22/709071/1671589,C6tF1hhg2BpoGATS/NsaWxo=,46,
48,CA-118,North,34.266934,-119.124899,NULL,C6tM3xhcGRt7JPkbBMAaDA==,48,
48,CA-118,South,34.266846,-119.125049,NULL,C6tJqxheSRprIwbm+0gbHA==,48,
49,CA-118,North,34.262247,-119.100252,NULL,C6tPpRhdgRt4HfoM/PoaAw==,42,
49,CA-118,South,34.261664,-119.10066,NULL,C6tM4hhcFhpjHQXuAwsbGA==,44,
50,CA-118,North,34.263793,-119.088527,NULL,C6tSwBhdhBt4GvlX//sbCA==,56,
50,CA-118,South,34.263627,-119.088051,22/709675/1671781,C6tPpRhdgRtoGgapAAUbGA==,55,
51,CA-118,North,34.263802,-119.056712,NULL,C6tXmRhdhht4KfWY//wbCA==,57,
51,CA-118,South,34.263697,-119.055605,22/710053/1671780,C6tSwBhdhBtoKQpoAAQbGA==,57,
52,CA-118,North,34.263903,-119.027198,NULL,C6terRhdhxt4JPbb//8bCA==,56,
52,CA-118,South,34.263732,-119.022456,22/710439/1671780,C6taahhdhxtoJAklAAEbGA==,56,
53,CA-118,North,34.26385,-119.009773,NULL,C6thrxhdhxt3GfmLAAEbCA==,52,
53,CA-118,South,34.263678,-119.009811,NULL,C6terRhdhxtoGQZ1//8bFw==,47,
54,CA-118,North,34.263996,-118.988073,NULL,C6towRhecht3PfDV/gYbCA==,50,
54,CA-118,South,34.263438,-118.989869,NULL,C6thrxhdhxtoPQ8rAfobFw==,51,
55,CA-1,North,34.207943,-119.142056,22/709046/1672566,C6tG0hhRWCKAKQAlCJsiEA==,39,
55,CA-1,South,34.21715,-119.142163,22/709045/1672436,C6tGwxhV4yKQBAAo/y0ijzj/4vRMIgA=,40,
56,CA-1,North,34.191104,-119.142274,22/709043/1672803,C6tGzhhQDSKADQAIAsgiEA==,35,
56,CA-1,South,34.180938,-119.142581,22/709040/1672946,C6tGyBhQDSKQH//s+YgiAA==,51,
57,CA-1,North,34.163115,-119.140397,22/709065/1673197,C6tIVBhKnCKaEPznAhciDg==,63,
57,CA-1,South,34.163933,-119.141433,22/709053/1673186,C6tGyRhLsiKODAIP/hgiGg==,64,
58,CA-1,North,34.155582,-119.125745,22/709236/1673303,C6tKhhhJeBp7FvtLAnEaCg==,65,
58,CA-1,South,34.157239,-119.129462,22/709193/1673280,C6tHvxhKzhpqGAU7/WwaGg==,66,
59,CA-1,North,34.150387,-119.115726,22/709353/1673376,C6tL4xhIuxp7Dv0TAZcaCw==,65,
59,CA-1,South,34.146642,-119.11142,22/709403/1673429,C6tKLxhJmxprHAWT/FMaHA==,66,
60,CA-1,North,34.119395,-119.087238,22/709685/1673813,C6tRBxhC/hp9Ivs5BfoaDQ==,65,
60,CA-1,South,34.126927,-119.093539,22/709611/1673707,C6tOzRhFtRpsHAPu+xkaHQ==,67,
61,CA-1,North,34.08662,-119.059876,22/710003/1674274,C6tjWBg41ht609izFcsaDQ==,55,
61,CA-1,South,34.113332,-119.082736,22/709737/1673898,C6tRkxhCPxptyiYh69AbGg==,56,
62,CA-1,North,0,0,0,0,0,61
62,CA-1,South,0,0,0,0,0,61
63,CA-1,North,0,0,0,0,0,61
63,CA-1,South,0,0,0,0,0,61
64,CA-118,North,0,0,0,0,0,54
64,CA-118,South,0,0,0,0,0,54
65,CA-118,North,34.272083,-118.935213,NULL,C6ttXxhfYxt1KfYY/fwbBg==,52,
65,CA-118,South,34.270143,-118.946902,NULL,C6towRhechtmKQnoAgQbFQ==,50,
66,CA-118,North,34.279066,-118.919682,NULL,C6tyvhhgSxp4MPR5/g0bBQ==,52,
66,CA-118,South,34.27873,-118.920293,NULL,C6ttXxhfYxtlMQuTAekaGA==,46,
67,CA-118,North,34.279068,-118.898592,NULL,C6t2LBhgTRp4Hfij//0aCA==,42,
67,CA-118,South,34.278827,-118.898894,NULL,C6tywxhgRxpnHQdSAAAaFw==,40,
68,CA-118,North,34.280096,-118.868016,22/712239/1671549,C6t5XBhgxhp1EfwI/vsaCA==,36,
68,CA-118,South,34.278965,-118.870952,22/712205/1671565,C6t3iBhgRhpoFQT9AZEbFQ==,34,
69,CA-118,North,34.286483,-118.865042,22/712273/1671459,C6t53Rhiqwo0HQBw+p4KHQ==,70,
69,CA-118,South,34.289797,-118.863096,22/712296/1671412,C6t5mRhhCgo+HwQiA9sKFw==,68,
70,CA-118,North,34.292018,-118.824822,22/712742/1671381,C6uF2hhhhQo6UexyAv8KBw==,71,
70,CA-118,South,34.290171,-118.806681,22/712953/1671407,C6t9fhhi5wooWRU/+7cKGA==,70,
71,CA-118,North,0,0,0,0,0,70
71,CA-118,South,0,0,0,0,0,70
72,CA-118,North,34.282603,-118.787503,22/713177/1671514,C6uIFRhg7Ao4FPs3AUcKCg==,73,
72,CA-118,South,0,0,0,0,0,70
73,101,North,34.215864,-119.028711,22/710367/1672454,C6tethhUoAo6LvSWAQYKCA==,70,
73,101,South,34.217235,-119.03703,22/710270/1672435,C6tX+BhVGgooFgWQ/6wKGg==,70,
74,101,North,0,0,0,0,0,73
74,101,South,34.21568,-119.017137,22/710501/1672457,C6takBhU8wopLgs2/nkKGQ==,72,
75,101,North,34.20977,-118.995405,22/710755/1672540,C6tjahhS7Ao3LfXnA6cKCQ==,69,
75,101,South,34.209535,-118.995395,22/710755/1672543,C6tfyRhUPQopJgh7/QMKGQ==,71,
76,101,North,34.201361,-118.970948,22/711039/1672659,C6tq9hhQbwo6Se/PBVYKBw==,69,
76,101,South,34.201201,-118.971113,22/711038/1672661,C6tjvRhS2AoqVRLH+VIKGg==,67,
77,101,North,0,0,0,0,0,76
77,101,South,0,0,0,0,0,76
78,101,North,34.184392,-118.924617,22/711579/1672898,C6twMBhPFQo4GPoIAKUKCg==,71,
78,101,South,34.18472,-118.927413,22/711547/1672893,C6tsfRhPuwoqGwZ8/ocKGA==,71,
79,101,North,34.184444,-118.905928,22/711797/1672897,C6tzyxhPIgo4H/hD/+MKCA==,71,
79,101,South,34.184562,-118.897884,22/711891/1672895,C6tw/BhPDgooJgkk/tIKGg==,70,
80,101,North,34.181517,-118.88735,22/712013/1672938,C6t2YRhN/Ao6Gfp0AncKCA==,71,
80,101,South,34.179259,-118.883194,22/712062/1672970,C6t1PxhOgQoqGAWs/lgKGA==,68,
81,101,North,34.176464,-118.86308,22/712296/1673009,C6t9wxhMFgo7GvqwAw4KORL7ewBYCgg=,73,
81,101,South,34.176494,-118.865747,22/712265/1673009,C6t34xhNuwooFwXI/5IKGA==,70,
82,CA-1,North,0,0,0,0,0,61
82,CA-1,South,0,0,0,0,0,61
83,CA-1,North,0,0,0,0,0,61
83,CA-1,South,0,0,0,0,0,61
84,CA-1,North,0,0,0,0,0,61
84,CA-1,South,0,0,0,0,0,61
85,CA-1,North,34.04544,-118.940027,22/711400/1674853,C6tsixg1vBt2WOxBBqkbCg==,57,
85,CA-1,South,34.058914,-118.97422,NULL,C6tjWBg41htqWBO/+VcbFg==,57,
86,CA-1,North,0,0,0,0,0,85
86,CA-1,South,0,0,0,0,0,85
87,CA-1,North,34.045947,-118.920607,22/711626/1674846,C6tz7xg1EBt5QfAmAXAbBg==,60,
87,CA-1,South,34.046471,-118.930979,NULL,C6tsixg1vBtmQQ/a/pAbGQ==,58,
88,CA-1,North,34.037499,-118.864352,22/712281/1674965,C6uCGBgwqBp1iOGdCXUbCA==,54,
88,CA-1,South,0,0,0,0,0,87
89,CA-1,North,0,0,0,0,0,88
89,CA-1,South,34.038229,-118.866708,22/712254/1674954,C6tz7xg1EBtoiR6g9pwaFQ==,55,
90,CA-1,North,0,0,0,0,0,88
90,CA-1,South,0,0,0,0,0,89
91,CA-118,North,34.282438,-118.770978,22/713369/1671516,C6uLbxhg7Ao4HPjQAAAKCA==,73,
91,CA-118,South,34.282137,-118.781502,22/713247/1671520,C6uHZRhg6AooEwTg/+wKGA==,71,
92,CA-118,North,34.282419,-118.752577,22/713584/1671516,C6uOmxhg7Ao4G/kwAAAKCA==,73,
92,CA-118,South,34.282163,-118.753652,22/713571/1671520,C6uM1Bhg3wooGwbwAAAKGA==,70,
93,CA-118,North,34.281775,-118.71057,22/714073/1671525,C6uYLxhgzgo4KfXJADgKCA==,72,
93,CA-118,South,34.282146,-118.727496,22/713876/1671520,C6uQDxhg3wooKAop/8EKGA==,71,
94,CA-118,North,34.281756,-118.685563,22/714364/1671526,C6uaYBhgzQo4EvtLAAIKCA==,72,
94,CA-118,South,34.28147,-118.701624,22/714177/1671530,C6uUyxhgwgooKQpZ//sKGA==,71,
95,CA-118,North,34.281031,-118.671096,22/714533/1671536,C6udiBhgXwo4HPk6AOsKCA==,73,
95,CA-118,South,34.281473,-118.680021,22/714429/1671530,C6uZnhhgvwooFAUG//sKGA==,73,
96,CA-118,North,34.274928,-118.656894,22/714698/1671622,C6uh7RheFAo5L/aTBO0KCA==,71,
96,CA-118,South,34.268558,-118.645585,22/714830/1671712,C6ufDBhfsQotLwmW/b4KFA==,70,
97,CA-118,North,0,0,0,0,0,96
97,CA-118,South,0,0,0,0,0,96
98,CA-118,North,34.274183,-118.627802,22/715037/1671632,C6uoBBhgGAo3OvLv+60KCQ==,71,
98,CA-118,South,34.276714,-118.614947,22/715187/1671597,C6ujhBheowojNgxxAosKGg==,71,
99,CA-118,North,34.27591,-118.599232,22/715370/1671608,C6urKRhfUgo4HPlAAagKBw==,70,
99,CA-118,South,34.274565,-118.596317,22/715404/1671627,C6upUBhf0woqGQYJ/tIKGA==,73,
100,101,North,0,0,0,0,0,81
100,101,South,34.172391,-118.847617,22/712476/1673067,C6t6lRhNiAooKwj6+1kKGw==,71,
101,101,North,34.158189,-118.825828,22/712730/1673267,C6uDoBhI5go5J/egBAgKCw==,71,
101,101,South,34.161422,-118.831014,22/712670/1673221,C6t+xBhLXQorHAWB/FgKGw==,73,
102,101,North,34.146606,-118.795135,22/713088/1673430,C6uH/BhIOwo3J/amAW8KCQ==,71,
102,101,South,34.150806,-118.810109,22/712913/1673371,C6uBVRhJqQorIwg+/UEKGQ==,73,
103,101,North,34.147481,-118.774681,22/713326/1673417,C6uLWBhIOgo4HfjKAAMKBw==,71,
103,101,South,34.14678,-118.767955,22/713405/1673427,C6uJWBhISwonHQdP/2EKGA==,73,
104,101,North,34.145773,-118.758501,22/713515/1673441,C6uPtxhHlwo3JvagAVwKCA==,72,
104,101,South,34.14384,-118.74853,22/713631/1673469,C6uMwBhIAQooIAfc/wQKGQ==,71,
105,101,North,34.142931,-118.736606,22/713770/1673481,C6uSJBhGrQo5F/rLAfcKCA==,68,
105,101,South,34.13966,-118.731649,22/713828/1673527,C6uQahhHiwooIAdp/kkKFw==,68,
106,101,North,34.140646,-118.710623,22/714072/1673514,C6uXfhhIVgozGvpx/QoKBg==,71,
106,101,South,34.138786,-118.716251,22/714007/1673540,C6uT3hhGvwonFASyAUUKFA==,71,
107,101,North,34.151192,-118.691383,22/714297/1673365,C6ufXRhJOAo2SO8b/hwKAw==,70,
107,101,South,34.150306,-118.677033,22/714464/1673378,C6uX8xhIvgojTxLAAgsKFQ==,69,
108,101,North,0,0,0,0,0,107
108,101,South,0,0,0,0,0,107
109,CA-1,North,0,0,0,0,0,88
109,CA-1,South,0,0,0,0,0,89
110,CA-1,North,0,0,0,0,0,88
110,CA-1,South,0,0,0,0,0,89
111,CA-1,North,34.022374,-118.8074,22/712945/1675177,C6uEpBgxcBp5Cf2fADkaBg==,41,
111,CA-1,South,34.022269,-118.807071,22/712949/1675179,C6uDiRgxhxpmCQJq/8MaGQ==,40,
112,CA-1,North,34.024485,-118.785766,22/713197/1675148,C6uNYBgy/Rp1UO1D/K0aCQ==,53,
112,CA-1,South,34.025717,-118.774932,22/713323/1675130,C6uEqRgxaxppUBK2A1caFQ==,53,
113,CA-1,North,0,0,0,0,0,112
113,CA-1,South,0,0,0,0,0,112
114,CA-1,North,34.033501,-118.739127,22/713740/1675021,C6uWsxgz2Bp3Uev9/ioaBQ==,54,
114,CA-1,South,34.033424,-118.735089,22/713787/1675022,C6uNYhgy+RplUhQNAdMaFw==,51,
115,CA-1,North,0,0,0,0,0,114
115,CA-1,South,0,0,0,0,0,114
116,CA-1,North,34.034808,-118.681732,22/714409/1675003,C6ui+Bg0Oxt4beWu/ywaBw==,45,
116,CA-1,South,34.034138,-118.686065,NULL,C6uWuhgz0xpnbRpEAN8bGA==,44,
117,CA-1,North,0,0,0,0,0,116
117,CA-1,South,0,0,0,0,0,116
118,I-5,North,34.563045,-118.683189,22/714392/1667553,C6uk2RiIWQEer+aoHJYBCw==,64,
118,I-5,South,34.537598,-118.647457,22/714808/1667913,C6uZ3BiUkQEOqxh05FABHQ==,72,
119,I-5,North,0,0,0,0,0,118
119,I-5,South,0,0,0,0,0,118
120,I-5,North,0,0,0,0,0,118
120,I-5,South,0,0,0,0,0,118
121,I-5,North,0,0,0,0,0,118
121,I-5,South,0,0,0,0,0,118
122,I-5,North,34.479722,-118.614249,22/715195/1668731,C6umuxiBIgEAUPv2D3sBDg==,72,
122,I-5,South,34.49467,-118.623145,22/715092/1668520,C6ulQRiHqQENEgJp/MQBHQ==,73,
123,I-5,North,0,0,0,0,0,122
123,I-5,South,34.473133,-118.615802,22/715177/1668824,C6umYBiGKAENPgB8820BHw==,71,
124,I-5,North,0,0,0,0,0,122
124,I-5,South,0,0,0,0,0,123
125,I-5,North,34.451215,-118.614345,22/715194/1669134,C6unoRh+wgEcG/4TBRgBEA==,71,
125,I-5,South,34.444413,-118.608038,22/715268/1669230,C6ummhiASwEPJQYK+nUBGg==,70,
126,I-5,North,34.439024,-118.597361,22/715392/1669306,C6usRBh7LwEdN/YOB6sBDA==,71,
126,I-5,South,34.437325,-118.595676,22/715412/1669330,C6upaxh9tgEKFgQU/O8BGw==,68,
127,I-5,North,34.428081,-118.585684,22/715528/1669460,C6utyhh4BgEeI/y6BskBDg==,72,
127,I-5,South,34.410859,-118.577609,22/715622/1669704,C6us6hh52gENHgKV+jIBHg==,67,
128,I-5,North,34.40345,-118.573954,22/715665/1669808,C6uupBh15AEfF/4sBJIBDg==,73,
128,I-5,South,34.395729,-118.571758,22/715690/1669917,C6uuHhh3JQEOGgGh+rEBHw==,66,
129,I-5,North,34.38691,-118.569048,22/715722/1670042,C6uvlRhy6gEeIP37BmUBDg==,70,
129,I-5,South,34.384193,-118.568392,22/715730/1670080,C6uu4Bh0rAEPIQLt+aoBHQ==,68,
130,I-5,North,34.369889,-118.559703,22/715831/1670282,C6uxghhv/gEdIvveBkUBDg==,70,
130,I-5,South,34.366716,-118.557691,22/715854/1670327,C6uwPRhxuAENIQOG+dwBHQ==,68,
131,I-5,North,34.349242,-118.539387,22/716068/1670574,C6u5EBhrDQEaV+/KCpkBDQ==,69,
131,I-5,South,34.341347,-118.525919,22/716224/1670685,C6ux4Rhu2wENZxNp8z8BHQ==,68,
132,I-5,North,0,0,0,0,0,131
132,I-5,South,0,0,0,0,0,131
133,I-5,North,34.33546,-118.510218,22/716407/1670768,C6u8UxhoBwEbK/kABn4BCg==,68,
133,I-5,South,34.338419,-118.515944,22/716341/1670726,C6u67Rho6gENKQb5+eYBHQ==,71,
134,I-5,North,34.315673,-118.489952,22/716644/1671047,C6u/DxhlJwEcJvojBisBCw==,70,
134,I-5,South,34.317633,-118.491788,22/716622/1671020,C6u8wBhnqgEMDgIx/cMBHA==,63,
135,I-5,North,34.301539,-118.477797,22/716785/1671247,C6vAgxhjqQEcE/zhAzQBDA==,69,
135,I-5,South,34.302423,-118.478996,22/716771/1671234,C6u+LRhmEgENGAPD+/gBHA==,71,
136,CA-118,North,34.273503,-118.583533,22/715553/1671642,C6uuThhfUwo4G/lB//0KCA==,71,
136,CA-118,South,34.273296,-118.583615,22/715552/1671645,C6usIBhfRgooHget/+8KGA==,71,
137,CA-118,North,34.273717,-118.548827,22/715958/1671639,C6uz8RhffAo3Hfjf/2QKCA==,71,
137,CA-118,South,34.273073,-118.564494,22/715775/1671648,C6uvtBhfPgooFgV3/8EKFg==,70,
138,CA-118,North,34.278384,-118.525786,22/716226/1671573,C6u6eBhgIgo3OfH+/poKBw==,71,
138,CA-118,South,34.278142,-118.5254,22/716231/1671576,C6u13Rhf1AolOQ4SABYKGg==,71,
139,CA-118,North,34.276534,-118.495598,22/716578/1671599,C6u93Rhezgo7GvqgAuUKCA==,70,
139,CA-118,South,0,0,0,0,0,138
140,CA-118,North,34.267421,-118.483817,22/716715/1671728,C6u/JxheAwo5Dv09AbMKDA==,70,
140,CA-118,South,34.268193,-118.485539,22/716695/1671717,C6u9nRhe9AosEANE/egKGQ==,70,
141,CA-118,North,34.26599,-118.455725,22/717042/1671748,C6vErRhd8go3E/sN//wKCA==,71,
141,CA-118,South,34.265846,-118.461238,22/716978/1671750,C6vAtxhd6wooFQU4//UKGA==,70,
142,I-5,North,34.267427,-118.444026,22/717179/1671728,C6vGjBhdUAEdD/3wApIBDA==,72,
142,I-5,South,34.269752,-118.4468,22/717146/1671695,C6vFPBhezwEMGQOk+68BHA==,73,
143,CA-118,North,34.274199,-118.426761,22/717380/1671632,C6vKFhhgPgo0F/vL/MMKBA==,72,
143,CA-118,South,34.276075,-118.423993,22/717412/1671606,C6vIuRhfHQokFgQOAyYKFA==,70,
144,I-5,North,34.286973,-118.462631,22/716962/1671452,C6vD1BhgbwEdLPjiBusBDA==,69,
144,I-5,South,34.27794,-118.454339,22/717058/1671579,C6vCbhhhxwELJwYE+aIBHA==,71,
145,101,North,34.159146,-118.6385,22/714913/1673253,C6ujuhhK7go1EPw6/pwKBQ==,70,
145,101,South,34.156991,-118.643523,22/714854/1673283,C6ugsBhJsgolGQXLAlEKFQ==,71,
146,101,North,34.16948,-118.612095,22/715220/1673108,C6uxbxhNIwo4Efua/7kKNxr55f4bCjdQ7Rf9bwoF,70,
146,101,South,34.16628,-118.617532,22/715157/1673153,C6ujYxhKxgolKQkxA7EKFQ==,70,
147,101,North,0,0,0,0,0,146
147,101,South,34.170744,-118.607324,22/715276/1673090,C6unrBhMfwolCwLCAAMKGA==,66,
148,101,North,0,0,0,0,0,146
148,101,South,34.169991,-118.576661,22/715633/1673100,C6usgxhMFwonGQXsAdkKFw==,71,
149,101,North,0,0,0,0,0,146
149,101,South,34.173224,-118.563581,22/715786/1673055,C6uvRRhM8wonHwfDAEgKGA==,70,
150,101,North,34.173159,-118.534671,22/716122/1673056,C6u3zxhMsAo4HfjnANoKCA==,68,
150,101,South,34.173233,-118.537531,22/716089/1673055,C6uy4xhNFQooHweM/x8KGA==,69,
151,101,North,34.17131,-118.508763,22/716424/1673082,C6u64xhMrwo4GvlkAAIKCA==,68,
151,101,South,34.171062,-118.508294,22/716430/1673085,C6u46hhMqQooHQbl/vQKGw==,70,
152,101,North,34.166697,-118.49481,22/716587/1673147,C6vACBhLoQo4L/T3AkMKCA==,68,
152,101,South,34.165762,-118.493571,22/716601/1673160,C6u8IBhMLAorDwNP/rYKGA==,68,
153,101,North,34.161649,-118.470358,22/716872/1673218,C6vCjRhKjwo3EvwsAbQKDA==,65,
153,101,South,34.165762,-118.493571,22/716601/1673160,C6vBJhhKuworBwHR/4wKGA==,64,
154,CA-1,North,0,0,0,0,0,116
154,CA-1,South,0,0,0,0,0,116
155,CA-1,North,34.037207,-118.612177,22/715219/1674969,C6utShg00xp2XOnb/robBw==,49,
155,CA-1,South,34.040033,-118.578046,22/715617/1674929,C6ui+Bg0OxtnpScp/48aGg==,47,
156,CA-1,North,0,0,0,0,0,155
156,CA-1,South,0,0,0,0,0,155
157,CA-1,North,0,0,0,0,0,155
157,CA-1,South,0,0,0,0,0,155
158,CA-1,North,34.040066,-118.577234,22/715627/1674929,C6uxnhg0iBp4J/a1AJ8aBw==,45,
158,CA-1,South,0,0,0,0,0,155
159,CA-1,North,34.029817,-118.522197,22/716268/1675073,C6u4MRgyqxp6HfmnAvMaCw==,46,
159,CA-1,South,34.032066,-118.527316,22/716208/1675041,C6u1OBg0BhprHAY9/RsaGg==,49,
160,CA-1,North,34.016444,-118.501741,22/716506/1675261,C6u8IRgv3xp8E/yMAtobCw==,48,
160,CA-1,South,34.013763,-118.498894,22/716539/1675298,C6u6hRgxNBtrFQOz/N4aHA==,47,
161,CA-1,North,34.011646,-118.493985,22/716597/1675328,C6u9ZRgvzQEXDP1IACgBDA==,52,
161,CA-1,South,34.017802,-118.481371,22/716743/1675242,C6u8PhgvvgEMXBR4BqwBFg==,61,
162,CA-1,North,34.013379,-118.48415,22/716711/1675304,C6u+1BgvwhNcBf8EAOASDA==,23,
162,CA-1,South,34.01329,-118.484239,22/716710/1675305,C6u+YhgwIBJLBQD+/y8THA==,21,
163,I-210,North,34.323355,-118.474143,22/716828/1670939,C6vCLxhodwEXF/oe/6kBBg==,71,
163,I-210,South,34.323749,-118.461458,22/716975/1670933,C6vAPBhoVAEHHgerAC0BFw==,73,
164,I-210,North,34.323698,-118.45157,22/717091/1670934,C6vGNBhnhgEcJvdgAgUBBw==,72,
164,I-210,South,34.321524,-118.446424,22/717151/1670965,C6vDzhhoaQEHIwdF/FwBGw==,74,
165,I-210,North,34.304203,-118.424621,22/717405/1671209,C6vJ9RhkcAEcF/wKA3oBCw==,70,
165,I-210,South,34.299949,-118.420308,22/717455/1671269,C6vJFhhlLgEMFQOp/KQBHA==,72,
166,I-210,North,34.294277,-118.413894,22/717530/1671349,C6vLkRhi7gEcFPyMAzwBDA==,70,
166,I-210,South,34.288081,-118.407704,22/717602/1671436,C6vKyxhjnQEMEgMS/R8BDBsEkvu6ARs=,73,
167,I-210,North,34.279128,-118.397799,22/717717/1671563,C6vQ6BhfugEZJvgLA48BHBX8gANQAQw=,73,
167,I-210,South,0,0,0,0,0,166
168,I-210,North,34.273806,-118.367379,22/718072/1671638,C6vVwRhfLwEYKvWYASsBCQ==,75,
168,I-210,South,34.277372,-118.390833,22/717798/1671587,C6vOWhhgSAELIghV/jABGA==,75,
169,I-210,North,34.26977,-118.340274,22/718387/1671695,C6vaOxhdUwEcLfZmA/wBCA==,76,
169,I-210,South,34.271036,-118.344862,22/718334/1671677,C6vXUxhe8wEILwiU+e0BHA==,69,
170,I-210,North,34.242181,-118.313791,22/718696/1672083,C6vlGxhX4wEZd+irC6sBDA==,75,
170,I-210,South,0,0,0,0,0,169
171,I-210,North,0,0,0,0,0,170
171,I-210,South,34.24195,-118.313655,22/718698/1672087,C6vbUhhcHgEMUw/j93wBGA==,70,
172,I-405,North,34.248289,-118.472304,22/716849/1671997,C6vAqhhZCQEAMABXCfIBEA==,69,
172,I-405,South,34.266921,-118.47233,22/716849/1671735,C6vAyhhe3wEQFv/1+1sBAA==,73,
173,I-405,North,0,0,0,0,0,172
173,I-405,South,34.246831,-118.472915,22/716842/1672018,C6vAxBhcHAEQLP+r9soBAA==,70,
174,I-405,North,34.204823,-118.47324,22/716838/1672610,C6vAmhhSwgEAJgASB9sBEA==,68,
174,I-405,South,34.21043,-118.473462,NULL,C6vAlhhVNwEQJf+t+EMBAA==,70,
175,I-405,North,34.196531,-118.474222,22/716827/1672727,C6vAchhP/wEfHABVBe0BEA==,68,
175,I-405,South,34.18971,-118.474342,22/716825/1672823,C6vAbxhRnAEQGQAf+toBHg==,69,
176,I-405,North,34.181949,-118.4715,22/716858/1672932,C6vBnhhNWAEfHv18BbEBEA==,66,
176,I-405,South,34.179876,-118.470298,22/716872/1672961,C6vAfhhPNgEOIgIH+XMBAg==,67,
177,I-405,North,34.140804,-118.471121,22/716863/1673511,C6vAUhhEpgECKgIwCG4BEQ==,67,
177,I-405,South,34.144274,-118.471389,22/716860/1673463,C6vBDRhIGQERB/+x/pEBAA==,63,
178,I-405,North,34.120729,-118.479881,22/716761/1673794,C6u/CRhCYgEAGgLCBNsBEg==,66,
178,I-405,South,34.130586,-118.473666,22/716833/1673655,C6vA6BhHbgEQN/vi9V4BAA==,65,
179,I-405,North,34.106078,-118.478287,22/716779/1674000,C6u/6Rg/JgEdGv50BQkBDQ==,64,
179,I-405,South,34.106439,-118.478943,22/716772/1673995,C6u+/RhCeQEQHQGb+k4BERAAxPzHAR8=,66,
180,I-405,North,34.086852,-118.474914,22/716819/1674271,C6vAsxg8IwEdIP5OBnYBDQ==,66,
180,I-405,South,34.077725,-118.470679,22/716868/1674399,C6vAWhg8rwEOKwYF+H8BHQ==,69,
181,I-405,North,34.063506,-118.458329,22/717012/1674599,C6vD6xg4XAEcIvsZBcABDQ==,66,
181,I-405,South,34.057035,-118.453458,22/717069/1674690,C6vDKBg5MAEMHAPT+wwBHg==,71,
182,I-405,North,34.050428,-118.449122,22/717119/1674783,C6vE8Rg24QEOEQIu/N4BHQ==,70,
182,I-405,South,34.039698,-118.440661,22/717218/1674934,C6vF9Rg1awENFQLH/DUBHA==,66,
183,I-405,North,34.034928,-118.437459,22/717255/1675001,C6vHVxgzoAEbDv5LApMBDQ==,61,
183,I-405,South,34.032298,-118.434897,22/717285/1675038,C6vHQBgzpwEMCgG7/lsBHQ==,66,
184,I-405,North,34.025265,-118.428712,NULL,C6vKkRgvygEcI/szBgkBDQ==,73,
184,I-405,South,34.016109,-118.421732,22/717438/1675265,C6vI4xgx1AENIgS3+gsBHQ==,68,
185,I-405,North,33.995182,-118.40477,22/717636/1675559,C6vQAxgpZAEaEvzsAtABHTL5JgiyAQ0=,67,
185,I-405,South,34.006524,-118.414181,22/717526/1675400,C6vLFRgvDgENEAJG/RsBHQ==,69,
186,I-405,North,0,0,0,0,0,185
186,I-405,South,33.993428,-118.403822,22/717647/1675584,C6vMphgtEQENEQJ2/OoBDBACM/06AR0=,66,
187,I-405,North,33.971513,-118.377136,22/717958/1675892,C6vTNBgnjwEdG/qUA0YBCg==,68,
187,I-405,South,33.972607,-118.37957,22/717930/1675877,C6vQYBgpLQEKFQR0/bUBGw==,68,
188,I-405,North,33.961937,-118.369403,22/718048/1676027,C6vTiBglAAEfGv9KBXwBDg==,68,
188,I-405,South,33.954022,-118.369525,22/718047/1676138,C6vTYRgm7AEOIACg+U0BECYAAPgSAQA=,70,
189,I-405,North,33.932786,-118.368299,22/718061/1676436,C6vTkhgfMgEAJQBOB9ABEA==,70,
189,I-405,South,0,0,0,0,0,188
190,CA-1,North,33.996763,-118.45813,NULL,C6vEUxgsbxNaDvzTAYgTCg==,32,
190,CA-1,South,33.996587,-118.458189,NULL,C6vC2BgtJhNKDwM//nETGg==,24,
191,CA-1,North,33.985325,-118.443005,NULL,C6vGLhgquhJdDf32AkETDA==,21,
191,CA-1,South,33.985153,-118.443377,NULL,C6vFOxgrxxNMDgIG/akSHA==,27,
192,CA-1,North,33.958338,-118.417694,22/717485/1676077,C6vKcRgmNRp9Hfu8BMEaDQ==,34,
192,CA-1,South,33.964813,-118.423644,22/717416/1675986,C6vIDRgo/httTw4L9s0aHQ==,35,
193,CA-1,North,33.95335,-118.403025,22/717656/1676147,C6vOfRgk6Bp7KPdPAssaDQ==,43,
193,CA-1,South,0,0,0,0,0,192
194,CA-1,North,33.93688,-118.396116,22/717737/1676379,C6vOphgjZhpgCP/+AbEaEA==,25,
194,CA-1,South,33.94793,-118.39636,22/717734/1676223,C6vOnBgkVRpwEAAD/IwaAA==,34,
195,CA-1,North,33.927819,-118.39618,22/717736/1676506,C6vOrRge2hp/Gf/wBUIaEA==,24,
195,CA-1,South,33.922951,-118.396373,22/717734/1676574,C6vOoBgg7hpwFQAK+4oaHw==,28,
196,CA-1,North,33.911155,-118.395849,22/717740/1676740,C6vOpxgbqRp/CQAaAgwaYBH//AOeGhA=,38,
196,CA-1,South,33.909615,-118.396007,22/717738/1676761,C6vOpxgeRxpwG//t+lUaAA==,36,
197,CA-1,North,33.891092,-118.395935,22/717739/1677021,C6vOrhgZBRpgC///AngaEA==,38,
197,CA-1,South,33.883246,-118.396111,22/717737/1677131,C6vOpRgaVRpwDQAD/SQaAA==,32,
198,CA-1,North,33.869658,-118.394298,NULL,C6vPNxgU6Bp+D/8FAyMaDQ==,30,
198,CA-1,South,33.869464,-118.3945,NULL,C6vOvRgWWhptDwD4/NgaHg==,32,
199,CA-1,North,33.850348,-118.388818,NULL,C6vQBxgSCht+Cv9aAhIbDg==,27,
199,CA-1,South,33.850259,-118.388984,NULL,C6vPyBgS1RtuCACH/k0bHg==,35,
200,CA-1,North,33.830434,-118.385024,NULL,C6vQkxgOWhthEgAKA7IbDw==,32,
200,CA-1,South,33.830459,-118.385181,NULL,C6vQmBgQDhtvEf/1/FgbAQ==,35,
201,CA-1,North,33.817215,-118.381048,22/717912/1678058,C6vSJhgMBRp4C/1kAQoaCg==,29,
201,CA-1,South,33.816179,-118.379019,22/717936/1678072,C6vQ8hgMehpqCwKZ/vsaGA==,35,
202,CA-1,North,33.80704,-118.356037,22/718204/1678200,C6vWvRgKEhp6C/1wAQEaCQ==,34,
202,CA-1,South,33.806728,-118.355599,22/718209/1678205,C6vVnhgKfRpqCwKm/vgaGg==,27,
203,CA-1,North,33.797118,-118.339633,NULL,C6vaFhgHqxt7JvjQBScaCg==,39,
203,CA-1,South,33.803696,-118.348142,22/718296/1678247,C6vW2hgKAhpqJQb9+vMbGw==,37,
204,CA-1,North,33.789626,-118.315793,NULL,C6vevhgHMBt4E/sxAAcbCA==,29,
204,CA-1,South,33.789443,-118.315331,NULL,C6vcgRgHMxtoEwTf//gbGA==,25,
205,CA-1,North,33.790839,-118.295303,NULL,C6vhphgHdht4Cf3B/5cbBQ==,30,
205,CA-1,South,33.79057,-118.295503,NULL,C6vgmhgHRRtlCQI/AGkbGA==,24,
206,CA-1,North,33.790557,-118.276001,NULL,C6vksRgHYRt3Cf2Z//kbCA==,29,
206,CA-1,South,33.790425,-118.276143,NULL,C6vjmxgHXRtoCQJUAAkbFw==,26,
207,CA-1,North,33.791557,-118.254168,NULL,C6vthxgHTBp5O/GbAG0bBw==,39,
207,CA-1,South,33.791644,-118.232771,22/719640/1678416,C6vm0hgHfxtnQA/C/3gaGA==,42,
208,I-405,North,33.91291,-118.370324,22/718037/1676715,C6vTVhgcPAEAHgCCBloBEA==,68,
208,I-405,South,33.922713,-118.368959,22/718053/1676577,C6vTqxggGwEQGv80+owBAA==,71,
209,I-405,North,33.897373,-118.369518,22/718047/1676933,C6vUYBgaGwEbGf3FBJIBEA==,66,
209,I-405,South,33.895805,-118.368353,22/718060/1676955,C6vTWhga/wEOGgST/EsBGw==,69,
210,I-405,North,33.888187,-118.357343,22/718189/1677062,C6vWdhgYnAEbF/uFAzUBCw==,67,
210,I-405,South,33.885867,-118.354408,22/718223/1677095,C6vVfBgZRQELDQKg/iABGw==,70,
211,I-405,North,33.868687,-118.338379,22/718409/1677336,C6vbQhgU5gEZIvl3A/YBDQ==,68,
211,I-405,South,33.866553,-118.333404,22/718467/1677366,C6vYyxgV3wEMGAVf/c8BGQ==,68,
212,I-405,North,33.861106,-118.314559,22/718687/1677442,C6vefhgUBAEYHfkPAeQBCQ==,67,
212,I-405,South,33.859753,-118.300438,22/718851/1677461,C6vckhgUdwEJMAut/rQBGg==,68,
213,I-405,North,33.859884,-118.302488,22/718828/1677459,C6vhSRgUAwEYC/0k//8BCA==,65,
213,I-405,South,0,0,0,0,0,212
214,I-405,North,33.850861,-118.276809,22/719127/1677586,C6vmZRgQtgEcLffhBkwBCg==,68,
214,I-405,South,33.849925,-118.275871,22/719138/1677599,C6vkPhgSaAELIAWY+0IBHA==,71,
215,I-405,North,33.826615,-118.250139,22/719438/1677926,C6vq3xgN1AEYIflaAysBDA==,68,
215,I-405,South,33.833023,-118.257383,22/719353/1677836,C6vm2RgQMgEMGAPK/CEBHA==,69,
216,I-405,North,33.825964,-118.234315,22/719622/1677935,C6vtJxgNxQEYE/sbAB8BCA==,71,
216,I-405,South,33.825509,-118.229976,22/719672/1677941,C6vrlxgNywEIGAX2/8UBGA==,70,
217,I-405,North,33.826205,-118.212459,22/719877/1677932,C6vx6xgNsAEaGvmsABIBCA==,71,
217,I-405,South,33.825169,-118.220124,22/719787/1677946,C6vuXhgNsAEICwLgACQBFg==,68,
218,I-405,North,33.821931,-118.195821,22/720070/1677992,C6vzkxgM1wEbEPx0AdABCg==,71,
218,I-405,South,33.816846,-118.188705,22/720153/1678063,C6vytBgNQAEKHAW8/NUBCQoCfP/UARg=,70,
219,I-405,North,33.814334,-118.170345,22/720367/1678098,C6v8IhgKRwEYLPXFAxwBCA==,70,
219,I-405,South,33.814249,-118.173782,22/720327/1678099,C6v2iBgLsQEIBgGQAAABCBcFdv5jARs=,72,
220,I-405,North,0,0,0,0,0,219
220,I-405,South,33.807363,-118.153552,22/720563/1678196,C6v5zhgK8QEKDgMp/sQBCBkFx/5nARg=,70,
221,I-405,North,33.802864,-118.126707,22/720876/1678259,C6wBNhgJmwEYFfrAAA4BCA==,71,
221,I-405,South,33.802673,-118.12659,22/720877/1678262,C6v9+RgJnwEIGQY//+gBGA==,70,
222,I-405,North,33.799472,-118.11113,NULL,C6wDERgImQEbE/wEAioBCA==,70,
222,I-405,South,33.797786,-118.109239,22/721079/1678330,C6wCXxgJEgELFAOv/UABGw==,71,
223,I-405,North,33.788986,-118.097052,22/721221/1678454,C6wF2RgGhQEcB/6PARYBCw==,70,
223,I-405,South,33.788387,-118.096669,22/721226/1678462,C6wEFxgHygELFQPi/REBHA==,71,
224,I-405,North,33.778657,-118.089603,22/721308/1678598,C6wI9RgEeQEYHPppAi8BDg==,69,
224,I-405,South,33.774281,-118.079534,22/721425/1678660,C6wHzxgEawEIEAQTAAABFw==,73,
225,I-405,North,33.774447,-118.059529,22/721658/1678657,C6wOKxgEfAEXLfTR//kBCA==,73,
225,I-405,South,33.774256,-118.055677,22/721703/1678660,C6wJtRgEawEIIgiZ//ABGA==,73,
226,CA-1,North,0,0,0,0,0,207
226,CA-1,South,0,0,0,0,0,207
227,CA-1,North,33.789896,-118.223999,22/719742/1678441,C6vyshgHQht4E/tNAAYaCA==,38,
227,CA-1,South,33.789922,-118.20269,22/719990/1678440,C6vxNxgHSxpoDAMu/+wbGA==,37,
228,CA-1,North,33.789964,-118.174527,NULL,C6v3chgHQht4Bv5SAAEbCA==,25,
228,CA-1,South,33.789796,-118.174576,NULL,C6v2wBgHQRtoBgF+AAEbGA==,35,
229,CA-1,North,33.789919,-118.144934,22/720663/1678441,C6v8qBgHSRp1Dvxy//AbCA==,22,
229,CA-1,South,33.789798,-118.144757,22/720665/1678442,C6v7HhgHQRtoEAPg/80aGQ==,30,
230,CA-1,North,33.788091,-118.13979,22/720723/1678466,C6v+WBgGLhp7FPxhAmAaBA==,30,
230,CA-1,South,33.788047,-118.140004,22/720721/1678467,C6v87BgHKRpqEAML/dMaGw==,30,
231,CA-1,North,33.769843,-118.117707,22/720980/1678722,C6wChRgBfBp8I/v2BmMaCw==,37,
231,CA-1,South,33.76339,-118.115397,22/721007/1678812,C6wAvxgEWRprIgPH+ckaHA==,37,
232,CA-1,North,33.746945,-118.105474,22/721123/1679043,C6wFXhf+Whp6K/nkBrkaDA==,35,
232,CA-1,South,33.74877,-118.106,22/721117/1679017,C6wCghgBdBpsKwYo+UcaGg==,35,
233,CA-1,North,33.729848,-118.083998,22/721373/1679282,C6wLXRf48Bp8T/MhC58aCg==,43,
233,CA-1,South,33.734025,-118.085733,22/721353/1679224,C6wFYBf+UhpqTQyh9JoaHA==,45,
234,CA-1,North,0,0,0,0,0,233
234,CA-1,South,0,0,0,0,0,233
235,I-5,North,34.252118,-118.430015,22/717342/1671943,C6vLHRhY6wEcPPY0CW4BDQ==,69,
235,I-5,South,34.251315,-118.429608,22/717347/1671955,C6vIJRhbpgEMCwHo/jIBHA==,70,
236,I-5,North,0,0,0,0,0,235
236,I-5,South,34.238254,-118.415874,22/717507/1672139,C6vKURhZmwEMHAUF/AEBGQ==,71,
237,I-5,North,34.231468,-118.402603,22/717661/1672234,C6vPgRhXDgEaGfoTAYcBCQ==,70,
237,I-5,South,34.231004,-118.400828,22/717682/1672241,C6vMqBhXvgEIDgOX/2sBGQ==,70,
238,I-5,North,34.223123,-118.371087,22/718028/1672352,C6vWwhhUoQEbF/uXAr8BGCf2/QHRAQg=,68,
238,I-5,South,34.226644,-118.377987,22/717948/1672302,C6vRiBhWxAEHDQLe/xABHA==,68,
239,I-5,North,0,0,0,0,0,238
239,I-5,South,34.221192,-118.359214,22/718167/1672379,C6vUnBhV4gEICgJc/18BGw==,70,
240,I-5,North,34.207915,-118.34394,22/718345/1672566,C6vY1BhSXQEdHfuPBN0BDA==,70,
240,I-5,South,34.204651,-118.342062,22/718367/1672612,C6vXshhTxgEMMwhJ+AcBGw==,73,
241,I-5,North,34.184151,-118.316292,22/718667/1672901,C6vdxRhOWAEcE/ysAtIBDA==,71,
241,I-5,South,34.179371,-118.312064,22/718716/1672968,C6vdXRhOtgENEQML/YABHQ==,70,
242,I-5,North,34.177843,-118.309185,22/718750/1672990,C6vfBBhNBgEeEv1TAtUBCw==,65,
242,I-5,South,34.171907,-118.306003,22/718787/1673073,C6veyBhNiwENEQJK/PgBGw==,69,
243,I-5,North,34.160026,-118.292341,22/718946/1673241,C6viaRhJmwEbHvt3BNEBCw==,66,
243,I-5,South,34.15788,-118.291421,22/718957/1673271,C6vhOxhLDQENHwUz+2ABHQ==,71,
244,101,North,34.15951,-118.460872,22/716982/1673248,C6vEUhhKPgo4D/wzAK4KCA==,67,
244,101,South,34.158104,-118.456188,22/717037/1673268,C6vCmRhKhwooGwZy/owKGg==,69,
245,101,North,34.155921,-118.426371,22/717384/1673299,C6vK2xhKEQo4G/kh/5IKCA==,68,
245,101,South,34.155594,-118.437422,22/717256/1673303,C6vFmhhJ2QoqHAbw//YKFw==,68,
246,101,North,34.15673,-118.404014,22/717645/1673287,C6vN8xhJwwo6G/ldAKcKCA==,66,
246,101,South,34.15596,-118.401909,22/717669/1673298,C6vMAxhKCAooHQb5/xkKGA==,66,
247,101,North,34.154573,-118.379812,22/717927/1673318,C6vR8xhJowo5B/4ZAAYKCA==,63,
247,101,South,34.154198,-118.379929,22/717925/1673323,C6vQ5RhJnwooDAL2/3oKGQ==,62,
248,101,North,34.137323,-118.362077,22/718133/1673560,C6vV8xhF8wo5GPujA2kKDg==,66,
248,101,South,34.141511,-118.366721,22/718079/1673501,C6vTaBhILworIgXD+wYKGQ==,66,
249,101,North,34.12655,-118.344742,22/718335/1673712,C6vZWhhC9wo+G/wGBIUKDQ==,61,
249,101,South,34.126515,-118.34501,22/718332/1673712,C6vWFxhF3QopOghI9q0KHA==,65,
250,101,North,34.104359,-118.321206,22/718610/1674024,C6vhLRg8Wgo6Lvf7BsYKPTH3ggZ+Cg4=,62,
250,101,South,34.108219,-118.331474,22/718490/1673970,C6vZ8xhBhQosDQLE/ksKGw==,65,
251,101,North,0,0,0,0,0,250
251,101,South,34.104177,-118.32115,22/718610/1674027,C6vbPRhAuQorGQSz/UsKHQ==,66,
252,101,North,0,0,0,0,0,250
252,101,South,34.085323,-118.301431,22/718840/1674292,C6vfKxg9rQotFAO6/SIKGw==,59,
253,I-210,North,0,0,0,0,0,170
253,I-210,South,0,0,0,0,0,171
254,I-210,North,0,0,0,0,0,170
254,I-210,South,34.234293,-118.281579,22/719071/1672195,C6viuRhYJgEIKQn6/jUBGQ==,73,
255,I-210,North,34.230565,-118.262971,22/719288/1672247,C6voxxhWlwEbIvgdAsoBCQ==,72,
255,I-210,South,34.226786,-118.254959,22/719381/1672300,C6vnYBhXUAEKHQYW/JYBGg==,75,
256,I-210,North,34.217812,-118.238098,22/719578/1672427,C6vtWxhUCwEaL/YvBXUBCw==,73,
256,I-210,South,34.218934,-118.240945,22/719545/1672411,C6vqNhhVuQEKDAK0/pkBGw==,73,
257,I-210,North,34.207085,-118.207092,22/719939/1672578,C6v1thhQnAEeVe4RB2ABCg==,71,
257,I-210,South,34.207026,-118.215661,22/719839/1672579,C6vu9BhTXQEKCgJ6/5gBGA==,73,
258,I-210,North,0,0,0,0,0,257
258,I-210,South,34.204519,-118.195206,22/720078/1672614,C6vwHBhTLQEICwLP//8BCCkIUPuXARw=,75,
259,I-210,North,34.186573,-118.17877,22/720269/1672867,C6v3PRhO3wEaF/y6A7oBDg==,70,
259,I-210,South,34.191541,-118.181434,22/720238/1672797,C6v1SxhRHgEMEAGR/NUBHQ==,73,
260,I-210,North,34.18037,-118.167645,22/720399/1672954,C6v5DhhNwgEbE/waAmQBCg==,74,
260,I-210,South,34.177376,-118.163936,22/720442/1672996,C6v4hhhOGAELEALV/Z4BHQ==,73,
261,I-210,North,34.158878,-118.158512,22/720505/1673257,C6v5+RhKEgEeEgAUA9kBEA==,69,
261,I-210,South,34.158007,-118.15883,22/720501/1673269,C6v51RhKfwEQCQB+/i0BHg==,65,
262,I-5,North,34.145259,-118.278512,22/719107/1673449,C6vkIRhHmwEfCP+VAbABDw==,66,
262,I-5,South,34.145946,-118.279037,22/719101/1673439,C6vjpxhI5QEMEgEd/GEBHg==,69,
263,I-5,North,34.133731,-118.275225,22/719145/1673611,C6vlBhhEjgEeIP4WBo0BDw==,68,
263,I-5,South,34.128179,-118.273892,22/719161/1673689,C6vkLBhHNQEOLgMv9sUBHg==,69,
264,I-5,North,34.111256,-118.264054,22/719275/1673927,C6vneRhBUQEaEfzGAlQBDQ==,66,
264,I-5,South,34.10901,-118.260645,22/719315/1673959,C6vmxBhBrQELEQOe/f4BGw==,64,
265,I-5,North,34.103878,-118.251592,22/719421/1674031,C6vqUBg++gEcGPwAA+ABCw==,65,
265,I-5,South,34.097155,-118.245609,22/719490/1674126,C6vpexg/5QENFAMK/KQBHA==,64,
266,I-5,North,34.084542,-118.230073,22/719671/1674303,C6vtqRg8iAEZEPy5AdYBCw==,68,
266,I-5,South,34.08561,-118.231965,22/719649/1674288,C6vrkRg9tAELEwPk/ZkBGQ==,65,
267,I-5,North,34.070677,-118.217976,22/719812/1674498,C6vvoRg4gQEeGv5NBUEBDw==,65,
267,I-5,South,34.071004,-118.218437,22/719807/1674494,C6vu0Rg7eQEQHgGM+fUBHg==,62,
268,I-10,North,34.055483,-118.189657,22/720142/1674712,C6v0jRg3mAEYEPwDABMBBw==,71,
268,I-10,South,34.057062,-118.180943,22/720244/1674690,C6vy8Bg3mAEILgrvAl4BGA==,69,
269,I-10,North,34.060126,-118.174671,22/720317/1674646,C6v5Dxg4ygEUGfon/rIBBQ==,66,
269,I-10,South,34.06138,-118.16822,22/720392/1674629,C6v4CRg4swEIEAOjAOwBFQ==,68,
270,I-10,North,34.07159,-118.140751,22/720712/1674485,C6v+ARg6jgEYGfoc/tYBBQ==,64,
270,I-10,South,34.071186,-118.144002,22/720674/1674491,C6v7kxg6GwEEGwaHANkBFw==,65,
271,101,North,34.076207,-118.277581,22/719118/1674420,C6vkvRg7PAo5DvyYAOcKCQ==,63,
271,101,South,34.076937,-118.281015,22/719078/1674410,C6viqRg7uQooCwKz/2YKGQ==,48,
272,101,North,34.070119,-118.262109,22/719298/1674506,C6vnTRg6Lwo6Bv6hAIMKCg==,60,
272,101,South,34.068897,-118.259232,22/719332/1674523,C6vnSxg6JwoqEQO+/iUKGw==,55,
273,101,North,34.061876,-118.247996,22/719462/1674622,C6vrCBg3pQo6Gft9A8EKDA==,51,
273,101,South,34.056577,-118.242004,22/719532/1674696,C6vqGxg4OgorHQZf/boKGA==,59,
274,101,North,34.039614,-118.221542,22/719771/1674935,C6vuwhgzZgo8IP8cBnoKDQ==,60,
274,101,South,34.045401,-118.221206,22/719775/1674854,C6vuHRg2zAotIQDU+UsKHQ==,61,
275,I-5,North,34.027837,-118.211452,22/719888/1675101,C6vxThgyJwo5GfqJAqwKDA==,63,
275,I-5,South,34.030249,-118.217057,22/719823/1675067,C6vugBgzrAotGATc/SEKGg==,64,
276,I-5,North,34.023916,-118.201791,22/720001/1675156,C6vzDxgxaQEaDvzWAWEBCg==,57,
276,I-5,South,34.022932,-118.200112,22/720020/1675169,C6vxnBgyAgEKEQPa/l8BGg==,66,
277,I-5,North,34.019319,-118.179061,22/720266/1675220,C6v2zxgwvAEaDP02APgBCA==,60,
277,I-5,South,34.020078,-118.183411,22/720215/1675210,C6v0fBgxKgEIFQUJ/t4BGg==,63,
278,I-5,North,34.013417,-118.16553,22/720423/1675303,C6v5TRgvpQEaDf0GAUcBCQ==,63,
278,I-5,South,34.012555,-118.164091,22/720440/1675315,C6v3yxgwPQEJEAOQ/ncBGw==,62,
279,I-5,North,33.991815,-118.141489,22/720703/1675607,C6v9/xgrCAEbHfubBMQBDQ==,65,
279,I-5,South,33.991138,-118.141109,22/720708/1675616,C6v8nhgsXwEMFQOZ/JwBGw==,65,
280,I-210,North,34.15198,-118.134353,22/720787/1673354,C6v9tRhJLwEYCP3OAAEBCA==,67,
280,I-210,South,34.151661,-118.133431,22/720797/1673359,C6v9MxhJIAEIEgSzAAABFw==,71,
281,I-210,North,34.152648,-118.109328,22/721078/1673345,C6wEmRhJUAEYKPYQ/9ABBw==,69,
281,I-210,South,34.152301,-118.114214,22/721021/1673349,C6v/ZBhJIAEIEwTYADgBGA==,70,
282,I-210,North,34.149353,-118.087258,22/721335/1673391,C6wHExhIlgEaF/qwAY8BCA==,66,
282,I-210,South,34.15202,-118.092665,22/721272/1673353,C6wFExhJQgEICwLO/2cBGw==,72,
283,I-210,North,34.148072,-118.07783,22/721445/1673409,C6wIzxhIfAEXD/xHADkBCg==,67,
283,I-210,South,34.148526,-118.07036,22/721532/1673403,C6wIgBhIZAEHGAX0AFsBGA==,69,
284,I-210,North,34.148918,-118.060107,22/721652/1673397,C6wMQxhIoQEYEfup//gBCA==,67,
284,I-210,South,34.148589,-118.058566,22/721670/1673402,C6wLRhhIjwEIGQZTAAgBGA==,70,
285,I-210,North,34.145955,-118.026913,22/722038/1673439,C6wTIxhHdwEaG/npAk4BCA==,66,
285,I-210,South,34.147259,-118.030267,22/721999/1673420,C6wRrBhIIAEKGwV+/LMBGw==,70,
286,I-210,North,34.136921,-118.011052,22/722223/1673566,C6wV4hhGMQEYHPocAroBCg==,68,
286,I-210,South,34.135539,-118.007334,22/722266/1673585,C6wUOxhGlgEKHgd2/xIBGA==,68,
287,I-210,North,34.135558,-117.999109,22/722362/1673585,C6wYgBhGMAEYFvpjAAIBCA==,71,
287,I-210,South,34.135358,-117.98801,22/722492/1673588,C6wXtRhGJwEIHwfv//4BFw==,69,
288,I-210,North,34.135743,-117.966309,NULL,C6wdDhhGNQEYEfuX/+kBBw==,70,
288,I-210,South,34.135211,-117.961739,22/722798/1673590,C6wbZxhGJgEHFAUs/+sBCBAD8f72ARk=,69,
289,I-10,North,34.071703,-118.130733,22/720829/1674484,C6wAFxg6lQEYEvuG//IBCA==,66,
289,I-10,South,34.071429,-118.128191,22/720858/1674488,C6v+nhg6gQEIEQRKAA4BGA==,68,
290,I-10,North,34.072109,-118.096984,22/721222/1674478,C6wF6Rg6pwEXEfu7AAEBCA==,67,
290,I-10,South,34.071838,-118.094873,22/721247/1674482,C6wE8hg6lAEIDQNvAAoBGA==,68,
291,I-10,North,34.07233,-118.079089,22/721430/1674475,C6wJFBg6sQEXDfy6//YBCA==,66,
291,I-10,South,34.072063,-118.076474,22/721461/1674479,C6wH9Bg6nQEIGAX5ABYBGA==,69,
292,I-10,North,34.072549,-118.063089,22/721617/1674472,C6wL2xg6uwEYGPoJ/+oBCA==,68,
292,I-10,South,0,0,0,0,0,291
293,I-10,North,34.068146,-118.034278,22/721952/1674534,C6wQ7Rg55wEYFvp+ALUBCg==,70,
293,I-10,South,34.067843,-118.032243,22/721976/1674538,C6wPvBg57gEIMwxS/l4BFw==,68,
294,I-10,North,34.064715,-118.011765,22/722215/1674582,C6wWGRg5TAEXEPwJACUBCQ==,68,
294,I-10,South,0,0,0,0,0,293
295,I-10,North,34.066907,-117.987447,22/722498/1674551,C6wZxRg5yQEXDvx6/4cBBw==,66,
295,I-10,South,34.06608,-117.992165,22/722443/1674563,C6wXZhg5bAEGCwLuAGkBFw==,65,
296,I-10,North,34.070137,-117.962969,22/722783/1674506,C6wgaRg6lwEXF/pT/2YBBw==,68,
296,I-10,South,34.06877,-117.971675,22/722682/1674525,C6wadhg51gEHIQhHARQBFw==,62,
297,I-10,North,34.072531,-117.939136,22/723061/1674472,C6wjcRg6tAEYEPv3AAQBBw==,70,
297,I-10,South,34.072312,-117.937514,22/723080/1674475,C6whXBg6qQEHEAQAAAgBGA==,71,
298,I-5,North,33.976748,-118.125887,22/720885/1675819,C6wA1xgnHAEdMPnmCGkBCw==,64,
298,I-5,South,33.983671,-118.132815,22/720804/1675721,C6v+SxgqygELFwOa/D8BHQ==,64,
299,I-5,North,33.966293,-118.121181,22/720940/1675965,C6wCDxgmHgEbDv1iAiIBDQ==,63,
299,I-5,South,33.958314,-118.112479,22/721041/1676077,C6wBABgm3QEMFQP4/RkBGw==,66,
300,I-5,North,33.947855,-118.100933,22/721176/1676224,C6wEyRgjagEdJfomBc0BCw==,62,
300,I-5,South,33.949377,-118.102211,22/721161/1676203,C6wC2hglggELKQXD+PMBHQ==,66,
301,I-5,North,33.928756,-118.087818,22/721329/1676493,C6wH0hgfBwEdGPzoBGoBDQ==,68,
301,I-5,South,33.923325,-118.084528,22/721367/1676569,C6wFiRgiOQENJgSw+TMBDR0E7/uuARw=,72,
302,I-5,North,33.913314,-118.075219,22/721475/1676709,C6wLCxgcIAEcKfkXBjoBDQ==,71,
302,I-5,South,33.906398,-118.066924,22/721572/1676806,C6wKBRgdCgEMGQRu/FMBGg==,72,
303,I-5,North,33.901406,-118.060111,22/721652/1676877,C6wNohgajAEbG/pxA2QBDA==,71,
303,I-5,South,33.892615,-118.045316,22/721824/1677000,C6wMFRgbVAELHwZy/G4BGw==,73,
304,I-5,North,33.88956,-118.038685,22/721901/1677043,C6wQZxgZEAEbDvzWAZoBCg==,72,
304,I-5,South,33.884825,-118.030529,22/721996/1677109,C6wPFhgZqgELJggP+5oBGg==,73,
305,I-5,North,33.87997,-118.02141,22/722102/1677177,C6wUsBgWvAEcLPbNBP4BCg==,73,
305,I-5,South,33.875333,-118.012511,22/722206/1677242,C6wS2BgXnQEKHAW//JABGw==,73,
306,I-5,North,33.868044,-118.001004,22/722340/1677345,C6wXOxgVIgEbCv3gASoBCw==,73,
306,I-5,South,33.866954,-117.999562,22/722357/1677360,C6wVhRgWAwELFwTx/VEBGg==,71,
307,I-5,North,33.830153,-117.929451,22/723174/1677876,C6wkTxgN5gEdD/1nAnUBCw==,69,
307,I-5,South,33.82863,-117.928493,22/723185/1677898,C6wjJRgO6gEMHQSK+1UBHA==,70,
308,I-5,North,33.834401,-117.936104,22/723096/1677817,C6wjGRgPCwEbF/rNAiMBCw==,69,
308,I-5,South,33.834399,-117.93785,22/723076/1677817,C6weKBgRZAEKJAeN++IBGg==,77,
309,I-5,North,33.851794,-117.970856,22/722691/1677573,C6wdMRgR8AEaEfxNAgABCw==,71,
309,I-5,South,33.848321,-117.965044,22/722759/1677621,C6wbuRgSpQELIQcF/DUBGw==,71,
310,I-5,North,33.860268,-117.98735,22/722499/1677454,C6wZ6RgTvAEZB/5kAJoBCg==,70,
310,I-5,South,33.863466,-117.993189,22/722431/1677409,C6wYrhgUOwELDgMF/ngBGg==,71,
311,I-10,North,34.072212,-117.900668,22/723509/1674477,C6wqXBg6pQEYHfjFAA4BCA==,70,
311,I-10,South,34.071984,-117.897295,22/723548/1674480,C6woNhg6oQEIGQZj/+wBGA==,70,
312,I-10,North,34.072388,-117.918799,22/723298/1674474,C6wm/Rg6rAEYHvhjABEBCA==,71,
312,I-10,South,34.072092,-117.913306,22/723362/1674478,C6wlAxg6pwEIGwbe//MBGA==,70,
313,I-210,North,34.120859,-117.905231,22/723456/1673792,C6wpiRhDkAEYGPoZAH8BDA==,66,
313,I-210,South,34.120808,-117.892129,22/723609/1673793,C6woURhDgwEHGgav//0BGA==,68,
314,I-210,North,34.125643,-117.915245,22/723339/1673725,C6wmyRhDzAEcEP0MAkkBCQ==,66,
314,I-210,South,34.120667,-117.909002,22/723412/1673795,C6wmexhECwEMEgPy/twBFw==,66,
315,I-210,North,34.130274,-117.944079,NULL,C6wiQBhFBgEWL/TaAooBCA==,70,
315,I-210,South,34.129101,-117.942061,22/723027/1673676,C6wfpxhFoAEKJAiO/0wBFw==,68,
316,I-5,North,33.810659,-117.910148,22/723399/1678150,C6wnRxgK5QEcEP1fAooBDA==,70,
316,I-5,South,33.81059,-117.910514,22/723394/1678151,C6wmYhgLqQEMEQLe/T0BHA==,69,
317,I-5,North,33.790983,-117.888893,22/723646/1678426,C6wsShgGGwEcHftjBJ8BDA==,69,
317,I-5,South,33.795468,-117.894516,22/723581/1678363,C6wpFhgJIAEMFgOu/IsBHA==,70,
318,I-405,North,33.693856,-117.930482,22/723162/1679786,C6wktxf1PwEaIfiTAxIBCg==,73,
318,I-405,South,33.693673,-117.930762,22/723159/1679789,C6wiqxf2CwEKIwfq/RIBGA==,73,
319,I-405,North,33.707478,-117.956712,22/722856/1679596,C6whQRf2rQEaNPZBBtsBDA==,73,
319,I-405,South,33.700311,-117.946587,22/722974/1679696,C6wfhxf3dQELBwGY/xwBGg==,75,
320,I-405,North,33.767332,-118.031622,22/721983/1678757,C6wSRxgCEQEcFvwXA1IBDA==,74,
320,I-405,South,33.764941,-118.029248,22/722011/1678791,C6wPyhgEFAEMRgxc9bgBGw==,75,
321,I-405,North,33.754326,-118.016087,22/722164/1678939,C6wVHxf/sQEbIvnnBRgBCw==,74,
321,I-405,South,0,0,0,0,0,320
322,I-405,North,33.733751,-117.990567,22/722462/1679228,C6wctxf53wEbGPupA3cBG0H0DAkHAQw=,74,
322,I-405,South,33.736145,-117.994535,22/722416/1679194,C6wWgRf+fAELJQbe+u8BGw==,74,
323,I-405,North,0,0,0,0,0,322
323,I-405,South,0,0,0,0,0,322
324,I-405,North,0,0,0,0,0,322
324,I-405,South,33.717456,-117.969274,NULL,C6wcDhf6VgEMDQJi/g0BHA==,74,
325,CA-1,North,33.687824,-118.039699,22/721889/1679871,C6wQ5RfzSRp8TPQjDCEaDA==,56,
325,CA-1,South,33.698618,-118.050083,22/721768/1679720,C6wLQxf5AhpsTQwY86caHA==,56,
326,CA-1,North,0,0,0,0,0,325
326,CA-1,South,0,0,0,0,0,325
